MAKE,MODEL,VEHICLE CLASS,ENGINE SIZE,CYLINDERS (L),TRANSMISSION,FUEL TYPE,FUEL CONS: CITY (L/100 km),FUEL CONS: HWY (L/100 km),FUEL CONS:COMB (L/100 km),FUEL CONS:COMB (mpg),CO2 RATING,SMOG RATING,CO2 EMISSIONS(g/km) 
ACURA,ILX,COMPACT,2.4,4,AM8,Z,9.4,6.8,8.2,34,6,3,192
ACURA,MDX SH-AWD,SUV - SMALL,3.5,6,AS9,Z,12.6,9,11,26,4,3,259
ACURA,MDX SH-AWD ELITE,SUV - SMALL,3.5,6,AS9,Z,12.2,9,10.7,26,4,3,251
ACURA,MDX HYBRID AWD,SUV - SMALL,3,6,AM7,Z,9.1,9,9,31,5,3,210
ACURA,NSX,TWO-SEATER,3.5,6,AM9,Z,11.1,10.8,11,26,4,3,261
ACURA,RDX AWD,SUV - SMALL,3.5,6,AS6,Z,12.4,8.7,10.7,26,4,3,250
ACURA,RLX HYBRID,MID-SIZE,3.5,6,AM7,Z,8.4,8.2,8.4,34,6,7,196
ACURA,TLX,COMPACT,2.4,4,AM8,Z,10,7.1,8.7,32,6,3,205
ACURA,TLX A-SPEC,COMPACT,2.4,4,AM8,Z,10.2,7.4,8.9,32,5,3,209
ACURA,TLX SH-AWD,COMPACT,3.5,6,AS9,Z,11.4,7.7,9.8,29,5,3,228
ACURA,TLX SH-AWD A-SPEC,COMPACT,3.5,6,AS9,Z,12,8.2,10.3,27,5,3,240
ALFA ROMEO,4C COUPE,TWO-SEATER,1.8,4,AM6,Z,9.7,6.9,8.4,34,6,1,197
ALFA ROMEO,4C SPIDER,TWO-SEATER,1.8,4,AM6,Z,9.7,6.9,8.4,34,6,1,197
ALFA ROMEO,GIULIA,MID-SIZE,2,4,A8,Z,10,7.2,8.7,32,6,3,205
ALFA ROMEO,GIULIA AWD,MID-SIZE,2,4,A8,Z,10.5,7.7,9.2,31,5,3,217
ALFA ROMEO,GIULIA QUADRIFOGLIO,MID-SIZE,2.9,6,A8,Z,13.8,9.6,11.9,24,4,3,280
ALFA ROMEO,STELVIO AWD,SUV - SMALL,2,4,A8,Z,10.8,8.3,9.6,29,5,3,226
ALFA ROMEO,STELVIO QUADRIFOGLIO,SUV - SMALL,2.9,6,A8,Z,14.1,10.4,12.4,23,3,3,292
ASTON MARTIN,DB11 V8,MINICOMPACT,4,8,A8,Z,13,9.8,11.5,25,4,3,271
ASTON MARTIN,DB11 V12,MINICOMPACT,5.2,12,A8,Z,15.5,11.4,13.7,21,3,3,322
ASTON MARTIN,RAPIDE S,SUBCOMPACT,6,12,A8,Z,16.7,10.9,14.1,20,3,3,332
ASTON MARTIN,VANQUISH,MINICOMPACT,6,12,A8,Z,17.5,11.4,14.7,19,2,3,346
AUDI,A3,SUBCOMPACT,2,4,AM7,X,9.1,6.8,8,35,6,7,188
AUDI,A3 QUATTRO,SUBCOMPACT,2,4,AM6,X,9.7,7.5,8.7,32,6,7,205
AUDI,A3 CABRIOLET QUATTRO,SUBCOMPACT,2,4,AM6,X,10.8,8,9.5,30,5,7,223
AUDI,A4,COMPACT,2,4,AM7,Z,8.6,6.4,7.6,37,7,3,177
AUDI,A4 QUATTRO,COMPACT,2,4,AM7,Z,10,7,8.7,32,6,5,203
AUDI,A4 QUATTRO,COMPACT,2,4,M6,Z,9.9,7.1,8.7,32,6,3,204
AUDI,A4 ALLROAD QUATTRO,STATION WAGON - SMALL,2,4,AM7,Z,10.5,7.9,9.3,30,5,5,217
AUDI,A5 QUATTRO,SUBCOMPACT,2,4,AM7,Z,10,7,8.7,32,6,5,203
AUDI,A5 QUATTRO,SUBCOMPACT,2,4,M6,Z,9.9,7.1,8.7,32,6,3,204
AUDI,A5 CABRIOLET QUATTRO,SUBCOMPACT,2,4,AM7,Z,10,7,8.7,32,6,5,203
AUDI,A5 SPORTBACK QUATTRO,MID-SIZE,2,4,AM7,Z,10,7,8.7,32,6,5,203
AUDI,A6 QUATTRO,MID-SIZE,2,4,AS8,Z,10.6,7.5,9.2,31,5,5,216
AUDI,A6 QUATTRO,MID-SIZE,3,6,AS8,Z,11.5,8.2,10,28,5,3,235
AUDI,A7 QUATTRO,MID-SIZE,3,6,AS8,Z,11.5,8.2,10,28,5,3,235
AUDI,A8,FULL-SIZE,3,6,AS8,Z,12.6,8,10.5,27,4,3,247
AUDI,A8,FULL-SIZE,4,8,AS8,Z,15.1,9.1,12.4,23,3,3,290
AUDI,A8L,FULL-SIZE,4,8,AS8,Z,15.1,9.1,12.4,23,3,3,290
AUDI,Q3,COMPACT,2,4,AS6,Z,11.6,8.3,10.1,28,5,3,236
AUDI,Q3 QUATTRO,COMPACT,2,4,AS6,Z,11.9,8.4,10.3,27,5,3,240
AUDI,Q5,SUV - SMALL,2,4,AS7,Z,10.4,8.6,9.6,29,5,3,226
AUDI,Q7,SUV - STANDARD,2,4,AS8,Z,12.2,9.5,11,26,4,3,258
AUDI,Q7,SUV - STANDARD,3,6,AS8,Z,12.6,9.4,11.1,25,4,3,260
AUDI,R8,TWO-SEATER,5.2,10,AM7,Z,16,9.5,13.1,22,3,1,304
AUDI,R8 QUATTRO,TWO-SEATER,5.2,10,AM7,Z,17.1,11.3,14.5,19,2,1,338
AUDI,R8 SPYDER,TWO-SEATER,5.2,10,AM7,Z,17.1,11.3,14.5,19,2,1,338
AUDI,RS 3,SUBCOMPACT,2.5,5,AM7,Z,12.4,8.3,10.5,27,4,3,248
AUDI,RS 5,SUBCOMPACT,2.9,6,AM8,Z,12.9,8.9,11.1,25,4,5,260
AUDI,RS 7,MID-SIZE,4,8,AS8,Z,17,9.6,13.7,21,3,3,318
AUDI,S3,SUBCOMPACT,2,4,AM7,Z,10.6,8.3,9.6,29,5,3,223
AUDI,S4,COMPACT,3,6,AM8,Z,11.5,8,9.9,29,5,5,232
AUDI,S5,SUBCOMPACT,3,6,AM8,Z,11.5,8,9.9,29,5,5,232
AUDI,S5 CABRIOLET,SUBCOMPACT,3,6,AM8,Z,11.9,8.1,10.2,28,5,5,239
AUDI,S5 SPORTBACK,MID-SIZE,3,6,AM8,Z,11.5,8,9.9,29,5,5,232
AUDI,S6,MID-SIZE,4,8,AM7,Z,15,10,12.8,22,3,3,298
AUDI,S7,MID-SIZE,4,8,AM7,Z,15,10,12.8,22,3,3,298
AUDI,S8,MID-SIZE,4,8,AS8,Z,16.2,9.9,13.4,21,3,3,313
AUDI,SQ5,SUV - SMALL,3,6,AM8,Z,12.7,10,11.5,25,4,5,270
AUDI,TT COUPE QUATTRO,SUBCOMPACT,2,4,AM6,X,10.1,7.8,9.1,31,5,7,209
AUDI,TT ROADSTER QUATTRO,TWO-SEATER,2,4,AM6,X,10.1,7.8,9.1,31,5,7,209
AUDI,TT RS,SUBCOMPACT,2.5,5,AM7,Z,12.3,8.2,10.5,27,5,3,245
AUDI,TTS COUPE,SUBCOMPACT,2,4,AM6,Z,10.3,8.6,9.5,30,5,3,222
BENTLEY,BENTAYGA,SUV - STANDARD,6,12,AS8,Z,18.8,12.2,15.9,18,2,3,370
BENTLEY,CONTINENTAL GT CONVERTIBLE,COMPACT,6,12,AS8,Z,20.4,12,16.6,17,1,1,389
BENTLEY,CONTINENTAL SUPERSPORTS,COMPACT,6,12,AS8,Z,20.4,12,16.6,17,1,1,389
BENTLEY,FLYING SPUR,MID-SIZE,4,8,AS8,Z,18.8,10.7,15.1,19,2,3,353
BENTLEY,FLYING SPUR,MID-SIZE,6,12,AS8,Z,20.4,12,16.6,17,1,1,389
BENTLEY,MULSANNE,MID-SIZE,6.8,8,AS8,Z,20.9,13,17.3,16,1,1,405
BMW,230i COUPE,SUBCOMPACT,2,4,AS8,Z,9.8,6.8,8.4,34,6,7,197
BMW,230i COUPE,SUBCOMPACT,2,4,M6,Z,11.1,7.3,9.4,30,5,7,219
BMW,230i xDRIVE CABRIOLET,SUBCOMPACT,2,4,AS8,Z,10.2,7.2,8.9,32,6,7,208
BMW,230i xDRIVE COUPE,SUBCOMPACT,2,4,AS8,Z,9.9,7.1,8.6,33,6,7,202
BMW,328d xDRIVE,COMPACT,2,4,AS8,D,7.8,5.9,7,40,7,3,184
BMW,328d xDRIVE TOURING,STATION WAGON - SMALL,2,4,AS8,D,7.8,5.9,7,40,7,3,184
BMW,330i xDRIVE,COMPACT,2,4,AS8,Z,10.2,7.2,8.9,32,6,7,208
BMW,330i xDRIVE GRAN TURISMO,FULL-SIZE,2,4,AS8,Z,10.2,7.2,8.9,32,6,7,208
BMW,330i xDRIVE TOURING,STATION WAGON - SMALL,2,4,AS8,Z,10.2,7.2,8.9,32,6,7,208
BMW,340i,COMPACT,3,6,AS8,Z,9.2,6.2,7.8,36,7,3,183
BMW,340i,COMPACT,3,6,M6,Z,12.1,8.1,10.3,27,5,3,240
BMW,340i xDRIVE,COMPACT,3,6,AS8,Z,11.1,7.5,9.5,30,5,3,223
BMW,340i xDRIVE,COMPACT,3,6,M6,Z,12.2,8.4,10.5,27,5,3,245
BMW,340i xDRIVE GRAN TURISMO,FULL-SIZE,3,6,AS8,Z,11.8,7.9,10,28,5,3,235
BMW,430i xDRIVE CABRIOLET,SUBCOMPACT,2,4,AS8,Z,10.7,7.3,9.1,31,5,7,214
BMW,430i xDRIVE COUPE,COMPACT,2,4,AS8,Z,10.2,7.2,8.9,32,6,7,208
BMW,430i xDRIVE GRAN COUPE,COMPACT,2,4,AS8,Z,10.2,7.2,8.9,32,6,7,208
BMW,440i COUPE,COMPACT,3,6,AS8,Z,9.2,6.2,7.8,36,7,3,183
BMW,440i COUPE,COMPACT,3,6,M6,Z,12.1,8.1,10.3,27,5,3,240
BMW,440i xDRIVE CABRIOLET,SUBCOMPACT,3,6,AS8,Z,11.8,7.9,10,28,5,3,235
BMW,440i xDRIVE COUPE,COMPACT,3,6,AS8,Z,11.1,7.5,9.5,30,5,3,223
BMW,440i xDRIVE COUPE,COMPACT,3,6,M6,Z,12.2,8.4,10.5,27,5,3,245
BMW,440i xDRIVE GRAN COUPE,COMPACT,3,6,AS8,Z,11.1,7.5,9.5,30,5,3,223
BMW,530i xDRIVE,MID-SIZE,2,4,AS8,Z,10.2,7.2,8.9,32,6,7,208
BMW,540i xDRIVE,MID-SIZE,3,6,AS8,Z,11.6,8.1,10,28,5,5,236
BMW,640i xDRIVE CABRIOLET,SUBCOMPACT,3,6,AS8,Z,12.3,8.4,10.5,27,4,3,248
BMW,640i xDRIVE GRAN COUPE,COMPACT,3,6,AS8,Z,12.3,8.4,10.5,27,4,3,248
BMW,640i xDRIVE GRAN TURISMO,FULL-SIZE,3,6,AS8,Z,11.9,8.4,10.3,27,5,5,241
BMW,650i xDRIVE CABRIOLET,SUBCOMPACT,4.4,8,AS8,Z,14.7,9.6,12.4,23,3,3,292
BMW,650i xDRIVE COUPE,SUBCOMPACT,4.4,8,AS8,Z,14,10,12.2,23,3,3,286
BMW,650i xDRIVE GRAN COUPE,COMPACT,4.4,8,AS8,Z,14.7,9.6,12.4,23,3,3,292
BMW,750i xDRIVE,FULL-SIZE,4.4,8,AS8,Z,14.7,9.6,12.4,23,3,3,292
BMW,750i xDRIVE SWB,FULL-SIZE,4.4,8,AS8,Z,14.3,9.4,12.1,23,4,3,283
BMW,ALPINA B6 xDRIVE GRAN COUPE,COMPACT,4.4,8,AS8,Z,14.7,9.6,12.4,23,3,3,292
BMW,M2,SUBCOMPACT,3,6,AM7,Z,11.8,8.9,10.5,27,5,3,245
BMW,M2,SUBCOMPACT,3,6,M6,Z,13.1,9.2,11.4,25,4,3,267
BMW,M240i CABRIOLET,SUBCOMPACT,3,6,AS8,Z,10.9,7.7,9.5,30,5,3,222
BMW,M240i CABRIOLET,SUBCOMPACT,3,6,M6,Z,12.7,8.7,10.9,26,4,3,255
BMW,M240i COUPE,SUBCOMPACT,3,6,AS8,Z,10.9,7.7,9.5,30,5,3,222
BMW,M240i COUPE,SUBCOMPACT,3,6,M6,Z,12.5,8.4,10.7,26,4,3,249
BMW,M240i xDRIVE CABRIOLET,SUBCOMPACT,3,6,AS8,Z,11.2,7.8,9.7,29,5,3,227
BMW,M240i xDRIVE COUPE,SUBCOMPACT,3,6,AS8,Z,11.2,7.8,9.7,29,5,3,227
BMW,M3,COMPACT,3,6,AM7,Z,13.5,9.9,11.9,24,4,3,280
BMW,M3,COMPACT,3,6,M6,Z,13.5,9.3,11.6,24,4,3,273
BMW,M4 CABRIOLET,SUBCOMPACT,3,6,AM7,Z,14.5,10.5,12.7,22,3,3,299
BMW,M4 CABRIOLET,SUBCOMPACT,3,6,M6,Z,13.8,9.4,11.9,24,4,3,280
BMW,M4 COUPE,COMPACT,3,6,AM7,Z,13.5,9.9,11.9,24,4,3,280
BMW,M4 COUPE,COMPACT,3,6,M6,Z,13.5,9.3,11.6,24,4,3,273
BMW,M550i xDRIVE,MID-SIZE,4.4,8,AS8,Z,14.3,9.4,12.1,23,4,3,283
BMW,M6 CABRIOLET,SUBCOMPACT,4.4,8,AM7,Z,17.3,11.6,14.7,19,2,3,344
BMW,M6 CABRIOLET,SUBCOMPACT,4.4,8,M6,Z,16.2,10.9,13.8,20,3,3,324
BMW,M6 COUPE,SUBCOMPACT,4.4,8,AM7,Z,17.3,11.6,14.7,19,2,3,344
BMW,M6 COUPE,SUBCOMPACT,4.4,8,M6,Z,16.2,10.9,13.8,20,3,3,324
BMW,M6 GRAN COUPE,COMPACT,4.4,8,AM7,Z,17.3,11.6,14.7,19,2,3,344
BMW,M6 GRAN COUPE,COMPACT,4.4,8,M6,Z,16.2,10.9,13.8,20,3,3,324
BMW,M760i xDRIVE,FULL-SIZE,6.6,12,AS8,Z,17.7,11.9,15.1,19,2,3,355
BMW,X1 xDRIVE28i,SUV - SMALL,2,4,AS8,Z,10.7,7.5,9.3,30,5,7,217
BMW,X2 xDRIVE28i,SUV - SMALL,2,4,AS8,Z,11,7.7,9.5,30,5,7,222
BMW,X3 xDRIVE30i,SUV - SMALL,2,4,AS8,Z,10.8,8,9.5,30,5,7,223
BMW,X3 M40i,SUV - SMALL,3,6,AS8,Z,11.7,8.6,10.3,27,5,5,241
BMW,X4 xDRIVE28i,SUV - SMALL,2,4,AS8,Z,11.8,8.6,10.3,27,5,3,240
BMW,X4 M40i,SUV - SMALL,3,6,AS8,Z,12.9,9.5,11.4,25,4,3,266
BMW,X5 xDRIVE35d,SUV - STANDARD,3,6,AS8,D,10.3,8,9.3,30,4,3,246
BMW,X5 xDRIVE35i,SUV - STANDARD,3,6,AS8,Z,13,9.8,11.5,25,4,3,270
BMW,X5 xDRIVE50i,SUV - STANDARD,4.4,8,AS8,Z,15.4,11.2,13.5,21,3,3,317
BMW,X5 M,SUV - STANDARD,4.4,8,AS8,Z,16.6,12.1,14.6,19,2,3,341
BMW,X6 xDRIVE35i,SUV - STANDARD,3,6,AS8,Z,13,9.8,11.5,25,4,3,270
BMW,X6 xDRIVE50i,SUV - STANDARD,4.4,8,AS8,Z,15.4,11.2,13.5,21,3,3,317
BMW,X6 M,SUV - STANDARD,4.4,8,AS8,Z,16.6,12.1,14.6,19,2,3,341
BUGATTI,CHIRON,TWO-SEATER,8,16,AM7,Z,26.8,16.6,22.2,13,1,1,522
BUICK,ENCLAVE,SUV - STANDARD,3.6,6,AS9,X,12.9,9,11.2,25,4,5,263
BUICK,ENCLAVE AWD,SUV - STANDARD,3.6,6,AS9,X,13.8,9.4,11.8,24,4,5,277
BUICK,ENCORE,SUV - SMALL,1.4,4,AS6,X,9.3,7.2,8.3,34,6,3,194
BUICK,ENCORE (SIDI with Stop/Start),SUV - SMALL,1.4,4,AS6,X,8.6,7.1,7.9,36,7,3,185
BUICK,ENCORE AWD,SUV - SMALL,1.4,4,AS6,X,9.9,7.8,8.9,32,5,3,210
BUICK,ENCORE AWD (SIDI with Stop/Start),SUV - SMALL,1.4,4,AS6,X,9,7.6,8.3,34,6,3,196
BUICK,ENVISION AWD,SUV - SMALL,2,4,A6,Z,11.8,9.1,10.6,27,4,3,248
BUICK,ENVISION AWD,SUV - SMALL,2.5,4,A6,X,11.1,8.6,10,28,5,5,234
BUICK,LACROSSE,MID-SIZE,3.6,6,AS9,X,11.3,7.9,9.7,29,5,5,228
BUICK,LACROSSE eASSIST,MID-SIZE,2.5,4,A6,X,9.3,6.7,8.1,35,6,5,190
BUICK,LACROSSE AWD,MID-SIZE,3.6,6,AS9,X,11.8,8,10.1,28,5,5,237
BUICK,REGAL,FULL-SIZE,2,4,AS9,Z,10.7,7.4,9.2,31,5,5,217
BUICK,REGAL AWD,FULL-SIZE,2,4,AS8,Z,11,8,9.6,29,5,5,227
BUICK,REGAL AWD,FULL-SIZE,3.6,6,AS9,X,12.4,8.7,10.7,26,4,5,250
CADILLAC,ATS,COMPACT,2,4,AS8,Z,10.5,7.7,9.2,31,5,5,216
CADILLAC,ATS,COMPACT,2,4,M6,Z,12,8.2,10.3,27,5,5,240
CADILLAC,ATS,COMPACT,3.6,6,AS8,X,11.6,8,10,28,5,5,234
CADILLAC,ATS AWD,COMPACT,2,4,AS8,Z,10.8,7.9,9.5,30,5,5,222
CADILLAC,ATS AWD,COMPACT,3.6,6,AS8,X,12.1,8.6,10.5,27,4,5,247
CADILLAC,ATS-V,COMPACT,3.6,6,AS8,Z,13.9,9.4,11.9,24,3,3,291
CADILLAC,ATS-V,COMPACT,3.6,6,M6,Z,14.4,10.4,12.6,22,3,3,295
CADILLAC,CT6,FULL-SIZE,2,4,AS8,Z,11,7.8,9.5,30,5,5,224
CADILLAC,CT6 AWD,FULL-SIZE,3,6,AS8,Z,13,9.1,11.2,25,4,3,263
CADILLAC,CT6 AWD,FULL-SIZE,3.6,6,AS8,X,13,8.9,11.1,25,4,5,261
CADILLAC,CTS,MID-SIZE,2,4,AS8,Z,11,7.8,9.5,30,5,5,224
CADILLAC,CTS,MID-SIZE,3.6,6,AS8,X,11.6,8,10,28,5,5,234
CADILLAC,CTS AWD,MID-SIZE,2,4,AS8,Z,11.2,8.2,9.8,29,5,5,229
CADILLAC,CTS AWD,MID-SIZE,3.6,6,AS8,X,12.1,8.6,10.5,27,4,5,247
CADILLAC,CTS Vsport,MID-SIZE,3.6,6,AS8,Z,15,9.9,12.7,22,3,3,311
CADILLAC,CTS-V,MID-SIZE,6.2,8,AS8,Z,16.5,11.1,14,20,3,1,329
CADILLAC,ESCALADE 4WD,SUV - STANDARD,6.2,8,A10,Z,16.6,10.9,14,20,3,3,329
CADILLAC,XT5,SUV - SMALL,3.6,6,AS8,X,12.1,8.9,10.6,27,4,5,250
CADILLAC,XT5 AWD,SUV - SMALL,3.6,6,AS8,X,12.8,9.3,11.2,25,4,5,263
CADILLAC,XTS,FULL-SIZE,3.6,6,AS6,X,13.2,8.5,11.1,25,4,5,260
CADILLAC,XTS AWD,FULL-SIZE,3.6,6,AS6,X,13.7,9,11.6,24,4,5,272
CADILLAC,XTS Vsport AWD,FULL-SIZE,3.6,6,AS6,Z,15,10.2,12.8,22,3,3,302
CHEVROLET,CAMARO,SUBCOMPACT,2,4,AS8,Z,10.8,7.6,9.4,30,5,5,220
CHEVROLET,CAMARO,SUBCOMPACT,2,4,M6,Z,11.9,7.9,10.1,28,5,5,235
CHEVROLET,CAMARO,SUBCOMPACT,3.6,6,AS8,X,12.3,8.2,10.4,27,5,5,246
CHEVROLET,CAMARO,SUBCOMPACT,3.6,6,M6,X,14.4,8.4,11.7,24,4,5,274
CHEVROLET,CAMARO SS,SUBCOMPACT,6.2,8,AS8,Z,14.2,8.7,11.7,24,4,1,273
CHEVROLET,CAMARO SS,SUBCOMPACT,6.2,8,M6,Z,14.3,9.4,12.1,23,3,1,284
CHEVROLET,CAMARO ZL1,SUBCOMPACT,6.2,8,AS10,Z,18.8,11.3,15.4,18,2,1,361
CHEVROLET,CAMARO ZL1,SUBCOMPACT,6.2,8,M6,Z,17.1,12,14.8,19,2,1,348
CHEVROLET,CITY EXPRESS,SPECIAL PURPOSE VEHICLE,2,4,AV,X,9.8,8.8,9.3,30,5,3,218
CHEVROLET,COLORADO,PICKUP TRUCK - SMALL,2.5,4,A6,X,12.1,9.2,10.8,26,4,5,253
CHEVROLET,COLORADO,PICKUP TRUCK - SMALL,2.5,4,M6,X,11.9,9.2,10.7,26,4,5,251
CHEVROLET,COLORADO,PICKUP TRUCK - SMALL,2.8,4,A6,D,10.8,8,9.6,29,4,3,257
CHEVROLET,COLORADO,PICKUP TRUCK - SMALL,3.6,6,A8,X,13.4,9.6,11.7,24,4,5,274
CHEVROLET,COLORADO 4WD,PICKUP TRUCK - SMALL,2.5,4,A6,X,12.6,9.8,11.3,25,4,5,266
CHEVROLET,COLORADO 4WD,PICKUP TRUCK - SMALL,2.8,4,A6,D,12.1,8.3,10.4,27,4,3,279
CHEVROLET,COLORADO 4WD,PICKUP TRUCK - SMALL,3.6,6,A8,X,14.1,10,12.2,23,3,5,288
CHEVROLET,COLORADO ZR2 4WD,PICKUP TRUCK - SMALL,2.8,4,A6,D,12.5,10.7,11.7,24,3,3,315
CHEVROLET,COLORADO ZR2 4WD,PICKUP TRUCK - SMALL,3.6,6,A8,X,15,13,14.1,20,3,5,331
CHEVROLET,CORVETTE,TWO-SEATER,6.2,8,AS8,Z,15.5,9.2,12.7,22,3,1,297
CHEVROLET,CORVETTE,TWO-SEATER,6.2,8,M7,Z,14.2,9,11.9,24,4,1,278
CHEVROLET,CORVETTE Z06,TWO-SEATER,6.2,8,AS8,Z,17.6,10.3,14.3,20,2,1,336
CHEVROLET,CORVETTE Z06,TWO-SEATER,6.2,8,M7,Z,15.6,10.6,13.4,21,3,1,312
CHEVROLET,CRUZE,COMPACT,1.4,4,AS6,X,8,5.9,7.1,40,8,6,166
CHEVROLET,CRUZE,COMPACT,1.4,4,M6,X,8.6,5.8,7.4,38,7,6,172
CHEVROLET,CRUZE PREMIER,COMPACT,1.4,4,AS6,X,8.1,6,7.2,39,8,6,169
CHEVROLET,CRUZE DIESEL,COMPACT,1.6,4,A9,D,7.7,5,6.5,43,7,3,175
CHEVROLET,CRUZE DIESEL,COMPACT,1.6,4,M6,D,7.8,4.6,6.3,45,7,3,170
CHEVROLET,CRUZE HATCHBACK,MID-SIZE,1.4,4,AS6,X,8.1,6.2,7.3,39,7,6,172
CHEVROLET,CRUZE HATCHBACK,MID-SIZE,1.4,4,M6,X,8.6,6.2,7.5,38,7,6,175
CHEVROLET,CRUZE HATCHBACK PREMIER,MID-SIZE,1.4,4,AS6,X,8.4,6.4,7.5,38,7,6,176
CHEVROLET,CRUZE HATCHBACK DIESEL,MID-SIZE,1.6,4,A9,D,7.8,5.2,6.6,43,7,3,178
CHEVROLET,CRUZE HATCHBACK DIESEL,MID-SIZE,1.6,4,M6,D,8.1,4.9,6.7,42,7,3,180
CHEVROLET,EQUINOX,SUV - SMALL,1.5,4,A6,X,9.2,7.3,8.3,34,6,5,195
CHEVROLET,EQUINOX,SUV - SMALL,1.6,4,A6,D,8.5,6,7.4,38,6,3,198
CHEVROLET,EQUINOX AWD,SUV - SMALL,1.5,4,A6,X,9.8,7.9,8.9,32,5,5,209
CHEVROLET,EQUINOX AWD,SUV - SMALL,1.6,4,A6,D,8.5,6.1,7.4,38,6,3,198
CHEVROLET,EQUINOX AWD,SUV - SMALL,2,4,A9,Z,10.9,8.3,9.7,29,5,5,228
CHEVROLET,IMPALA,FULL-SIZE,2.5,4,AS6,X,10.9,7.9,9.5,30,5,3,224
CHEVROLET,IMPALA FFV,FULL-SIZE,3.6,6,AS6,X,12.7,8.5,10.8,26,4,5,254
CHEVROLET,IMPALA FFV,FULL-SIZE,3.6,6,AS6,E,17.2,11.6,14.6,19,5,5,245
CHEVROLET,MALIBU,MID-SIZE,1.5,4,A6,X,8.8,6.5,7.8,36,7,6,181
CHEVROLET,MALIBU,MID-SIZE,2,4,A9,Z,10.5,7.4,9.1,31,5,5,213
CHEVROLET,MALIBU HYBRID,MID-SIZE,1.8,4,AV,X,4.8,5.5,5.1,55,10,3,121
CHEVROLET,SILVERADO FFV,PICKUP TRUCK - STANDARD,4.3,6,A6,X,13.4,10,11.8,24,4,5,278
CHEVROLET,SILVERADO FFV,PICKUP TRUCK - STANDARD,4.3,6,A6,E,19.3,14.4,17.1,17,3,5,284
CHEVROLET,SILVERADO,PICKUP TRUCK - STANDARD,5.3,8,A6,X,14.6,10.3,12.7,22,3,3,298
CHEVROLET,SILVERADO FFV,PICKUP TRUCK - STANDARD,5.3,8,A6,X,14.6,10.3,12.7,22,3,3,298
CHEVROLET,SILVERADO FFV,PICKUP TRUCK - STANDARD,5.3,8,A6,E,19.7,13.9,17.1,17,4,3,283
CHEVROLET,SILVERADO,PICKUP TRUCK - STANDARD,5.3,8,A8,X,14.9,10.9,13.1,22,3,3,307
CHEVROLET,SILVERADO,PICKUP TRUCK - STANDARD,6.2,8,A8,Z,15.9,11.2,13.8,20,3,3,324
CHEVROLET,SILVERADO eASSIST,PICKUP TRUCK - STANDARD,5.3,8,A8,X,13.4,10,11.8,24,4,3,278
CHEVROLET,SILVERADO 4WD FFV,PICKUP TRUCK - STANDARD,4.3,6,A6,X,14.1,10.6,12.5,23,3,5,294
CHEVROLET,SILVERADO 4WD FFV,PICKUP TRUCK - STANDARD,4.3,6,A6,E,20.2,15.2,18,16,3,5,296
CHEVROLET,SILVERADO 4WD,PICKUP TRUCK - STANDARD,5.3,8,A6,X,15,10.7,13.1,22,3,3,307
CHEVROLET,SILVERADO 4WD FFV,PICKUP TRUCK - STANDARD,5.3,8,A6,X,15,10.7,13.1,22,3,3,307
CHEVROLET,SILVERADO 4WD FFV,PICKUP TRUCK - STANDARD,5.3,8,A6,E,21,15,18.3,15,3,3,309
CHEVROLET,SILVERADO 4WD,PICKUP TRUCK - STANDARD,5.3,8,A8,X,15.6,11.6,13.8,20,3,3,324
CHEVROLET,SILVERADO 4WD,PICKUP TRUCK - STANDARD,6.2,8,A8,Z,16,11.7,14.1,20,3,3,331
CHEVROLET,SILVERADO eASSIST 4WD,PICKUP TRUCK - STANDARD,5.3,8,A8,X,14.4,11.2,13,22,3,3,304
CHEVROLET,SONIC,COMPACT,1.4,4,AS6,X,8.8,6.6,7.8,36,7,3,184
CHEVROLET,SONIC,COMPACT,1.4,4,M6,X,8.4,6.3,7.4,38,7,3,174
CHEVROLET,SONIC,COMPACT,1.8,4,AS6,X,9.3,7,8.3,34,6,5,193
CHEVROLET,SONIC,COMPACT,1.8,4,M5,X,9.2,6.8,8.1,35,6,5,190
CHEVROLET,SONIC 5,STATION WAGON - SMALL,1.4,4,AS6,X,8.8,6.6,7.8,36,7,3,184
CHEVROLET,SONIC 5,STATION WAGON - SMALL,1.4,4,M6,X,8.4,6.3,7.4,38,7,3,174
CHEVROLET,SONIC 5,STATION WAGON - SMALL,1.8,4,AS6,X,9.3,7,8.3,34,6,5,193
CHEVROLET,SONIC 5,STATION WAGON - SMALL,1.8,4,M5,X,9.2,6.8,8.1,35,6,5,190
CHEVROLET,SPARK,SUBCOMPACT,1.4,4,AV,X,7.8,6.2,7.1,40,8,5,167
CHEVROLET,SPARK,SUBCOMPACT,1.4,4,M5,X,8,6,7.1,40,8,5,166
CHEVROLET,SUBURBAN,SUV - STANDARD,5.3,8,A6,X,15.1,10.4,13,22,3,3,305
CHEVROLET,SUBURBAN FFV,SUV - STANDARD,5.3,8,A6,X,15.1,10.4,13,22,3,3,305
CHEVROLET,SUBURBAN FFV,SUV - STANDARD,5.3,8,A6,E,19.8,13.9,17.2,16,3,3,285
CHEVROLET,SUBURBAN 4WD,SUV - STANDARD,5.3,8,A6,X,15.3,10.9,13.3,21,3,3,313
CHEVROLET,SUBURBAN 4WD FFV,SUV - STANDARD,5.3,8,A6,X,15.3,10.9,13.3,21,3,3,312
CHEVROLET,SUBURBAN 4WD FFV,SUV - STANDARD,5.3,8,A6,E,22.3,15.7,19.3,15,3,3,321
CHEVROLET,TAHOE,SUV - STANDARD,5.3,8,A6,X,15.1,10.4,13,22,3,3,305
CHEVROLET,TAHOE FFV,SUV - STANDARD,5.3,8,A6,X,15.1,10.4,13,22,3,3,305
CHEVROLET,TAHOE FFV,SUV - STANDARD,5.3,8,A6,E,19.8,13.9,17.2,16,3,3,285
CHEVROLET,TAHOE 4WD,SUV - STANDARD,5.3,8,A6,X,15.2,10.8,13.2,21,3,3,310
CHEVROLET,TAHOE 4WD FFV,SUV - STANDARD,5.3,8,A6,X,15.2,10.8,13.2,21,3,3,310
CHEVROLET,TAHOE 4WD FFV,SUV - STANDARD,5.3,8,A6,E,20.8,14.5,18,16,3,3,299
CHEVROLET,TAHOE 4WD,SUV - STANDARD,6.2,8,A10,Z,16.4,10.7,13.8,20,3,3,325
CHEVROLET,TRAVERSE,SUV - STANDARD,2,4,A9,Z,11.7,9,10.5,27,4,5,246
CHEVROLET,TRAVERSE,SUV - STANDARD,3.6,6,AS9,X,12.9,8.7,11,26,4,5,258
CHEVROLET,TRAVERSE AWD,SUV - STANDARD,3.6,6,AS9,X,13.7,9.4,11.8,24,4,5,276
CHEVROLET,TRAX,SUV - SMALL,1.4,4,AS6,X,9.3,7.2,8.3,34,6,3,194
CHEVROLET,TRAX,SUV - SMALL,1.4,4,M6,X,9.2,7.1,8.2,34,6,3,194
CHEVROLET,TRAX 4WD,SUV - SMALL,1.4,4,AS6,X,9.9,7.8,8.9,32,5,3,210
CHRYSLER,300,FULL-SIZE,3.6,6,A8,X,12.4,7.8,10.3,27,5,3,242
CHRYSLER,300 FFV,FULL-SIZE,3.6,6,A8,X,12.4,7.8,10.3,27,5,3,242
CHRYSLER,300 FFV,FULL-SIZE,3.6,6,A8,E,17.1,10.6,14.2,20,5,3,234
CHRYSLER,300,FULL-SIZE,5.7,8,A8,X,14.7,9.4,12.3,23,3,3,289
CHRYSLER,300 AWD,FULL-SIZE,3.6,6,A8,X,12.8,8.7,11,26,4,3,258
CHRYSLER,300 AWD FFV,FULL-SIZE,3.6,6,A8,X,12.8,8.7,11,26,4,3,258
CHRYSLER,300 AWD FFV,FULL-SIZE,3.6,6,A8,E,17.6,12,15,19,4,3,248
CHRYSLER,PACIFICA,MINIVAN,3.6,6,A9,X,12.9,8.4,10.9,26,4,3,259
CHRYSLER,PACIFICA (Stop-Start),MINIVAN,3.6,6,A9,X,12.4,8.4,10.6,27,4,3,249
DODGE,CHALLENGER,MID-SIZE,3.6,6,A8,X,12.4,7.8,10.3,27,5,3,242
DODGE,CHALLENGER,MID-SIZE,5.7,8,M6,Z,15.6,10.1,13.1,22,3,1,307
DODGE,CHALLENGER,MID-SIZE,6.4,8,M6,Z,16.7,10.4,13.9,20,3,1,325
DODGE,CHALLENGER (MDS),MID-SIZE,5.7,8,A8,X,14.7,9.4,12.3,23,3,3,289
DODGE,CHALLENGER (MDS),MID-SIZE,6.4,8,A8,Z,15.6,9.6,12.9,22,3,1,302
DODGE,CHALLENGER GT AWD,MID-SIZE,3.6,6,A8,X,12.8,8.7,11,26,4,3,258
DODGE,CHALLENGER GT AWD FFV,MID-SIZE,3.6,6,A8,X,12.8,8.7,11,26,4,3,258
DODGE,CHALLENGER GT AWD FFV,MID-SIZE,3.6,6,A8,E,17.6,12,15,19,4,3,248
DODGE,CHALLENGER SRT,MID-SIZE,6.4,8,M6,Z,16.7,10.4,13.9,20,3,1,325
DODGE,CHALLENGER SRT (MDS),MID-SIZE,6.4,8,A8,Z,15.6,9.6,12.9,22,3,1,302
DODGE,CHALLENGER SRT DEMON,MID-SIZE,6.2,8,A8,Z,17.6,10.7,14.5,19,2,1,339
DODGE,CHALLENGER SRT HELLCAT,MID-SIZE,6.2,8,A8,Z,17.6,10.7,14.5,19,2,1,339
DODGE,CHALLENGER SRT HELLCAT,MID-SIZE,6.2,8,M6,Z,18.1,11.4,15.1,19,2,1,352
DODGE,CHARGER,FULL-SIZE,3.6,6,A5,X,13.7,9,11.6,24,4,3,271
DODGE,CHARGER FFV,FULL-SIZE,3.6,6,A5,X,13.7,9,11.6,24,4,3,271
DODGE,CHARGER FFV,FULL-SIZE,3.6,6,A5,E,18.9,12.7,16.1,18,4,3,268
DODGE,CHARGER,FULL-SIZE,3.6,6,A8,X,12.4,7.8,10.3,27,5,3,242
DODGE,CHARGER FFV,FULL-SIZE,3.6,6,A8,X,12.4,7.8,10.3,27,5,3,242
DODGE,CHARGER FFV,FULL-SIZE,3.6,6,A8,E,17.1,10.6,14.2,20,5,3,234
DODGE,CHARGER (MDS),FULL-SIZE,5.7,8,A5,X,15.6,9.7,12.9,22,3,3,302
DODGE,CHARGER (MDS),FULL-SIZE,5.7,8,A8,X,14.7,9.4,12.3,23,3,3,289
DODGE,CHARGER (MDS),FULL-SIZE,6.4,8,A8,Z,15.6,9.6,12.9,22,3,1,302
DODGE,CHARGER AWD,FULL-SIZE,3.6,6,A8,X,12.8,8.7,11,26,4,3,258
DODGE,CHARGER AWD FFV,FULL-SIZE,3.6,6,A8,X,12.8,8.7,11,26,4,3,258
DODGE,CHARGER AWD FFV,FULL-SIZE,3.6,6,A8,E,17.6,12,15,19,4,3,248
DODGE,CHARGER AWD (MDS),FULL-SIZE,5.7,8,A5,X,16,10.1,13.3,21,3,3,312
DODGE,CHARGER SRT (MDS),FULL-SIZE,6.4,8,A8,Z,15.6,9.6,12.9,22,3,1,302
DODGE,CHARGER SRT HELLCAT,FULL-SIZE,6.2,8,A8,Z,17.6,10.7,14.5,19,2,1,339
DODGE,DURANGO AWD,SUV - STANDARD,3.6,6,A8,X,12.7,9.6,11.3,25,4,5,265
DODGE,DURANGO AWD,SUV - STANDARD,5.7,8,A8,X,16.7,10.9,14.1,20,3,3,331
DODGE,DURANGO AWD SRT,SUV - STANDARD,6.4,8,A8,Z,18.3,12.2,15.6,18,2,1,363
DODGE,GRAND CARAVAN FFV,MINIVAN,3.6,6,A6,X,13.7,9.4,11.8,24,4,3,276
DODGE,GRAND CARAVAN FFV,MINIVAN,3.6,6,A6,E,19.4,13.3,16.7,17,4,3,274
DODGE,JOURNEY,SUV - SMALL,2.4,4,A4,X,12.7,9.2,11.1,25,4,3,261
DODGE,JOURNEY FFV,SUV - SMALL,3.6,6,A6,X,14.2,9.5,12.1,23,4,3,284
DODGE,JOURNEY FFV,SUV - SMALL,3.6,6,A6,E,19.1,13.2,16.4,17,4,3,274
DODGE,JOURNEY AWD,SUV - SMALL,3.6,6,A6,X,14.5,10,12.4,23,3,3,292
FIAT,124 SPIDER,TWO-SEATER,1.4,4,A6,X,9.3,6.5,8,35,6,3,187
FIAT,124 SPIDER,TWO-SEATER,1.4,4,M6,X,9,6.7,7.9,36,7,3,185
FIAT,500,MINICOMPACT,1.4,4,A6,X,9.7,7.4,8.7,32,6,3,202
FIAT,500,MINICOMPACT,1.4,4,M5,X,8.4,7,7.8,36,7,3,182
FIAT,500 ABARTH,MINICOMPACT,1.4,4,A6,X,9.7,7.4,8.7,32,6,3,202
FIAT,500 ABARTH,MINICOMPACT,1.4,4,M5,X,8.4,7,7.8,36,7,3,182
FIAT,500L,STATION WAGON - SMALL,1.4,4,A6,X,10.7,7.9,9.4,30,5,3,221
FIAT,500X,SUV - SMALL,1.4,4,M6,X,9.5,7.1,8.4,34,6,3,197
FIAT,500X,SUV - SMALL,2.4,4,A9,X,10.7,7.8,9.4,30,5,7,220
FIAT,500X AWD,SUV - SMALL,2.4,4,A9,X,11,8,9.7,29,5,7,226
FORD,C-MAX HYBRID,FULL-SIZE,2,4,AV,X,5.7,6.2,5.9,48,9,7,138
FORD,ECOSPORT,SUV - SMALL,1,3,AS6,X,8.6,8.1,8.4,34,6,3,195
FORD,ECOSPORT AWD,SUV - SMALL,2,4,AS6,X,10.2,8,9.3,30,5,5,217
FORD,EDGE,SUV - SMALL,2,4,AS6,X,11.5,8,9.9,29,5,5,233
FORD,EDGE (Start/Stop),SUV - SMALL,2,4,AS6,X,11.3,8,9.9,29,5,5,231
FORD,EDGE,SUV - SMALL,3.5,6,AS6,X,13.5,9.1,11.5,25,4,3,270
FORD,EDGE AWD,SUV - SMALL,2,4,AS6,X,11.9,8.7,10.5,27,5,5,246
FORD,EDGE AWD,SUV - SMALL,2.7,6,AS6,X,13.8,9.8,12,24,4,5,282
FORD,EDGE AWD,SUV - SMALL,3.5,6,AS6,X,14.2,10.2,12.4,23,3,3,291
FORD,ESCAPE,SUV - SMALL,1.5,4,AS6,X,10.2,7.8,9.1,31,5,3,214
FORD,ESCAPE FFV,SUV - SMALL,2.5,4,AS6,X,11.1,8.1,9.7,29,5,3,229
FORD,ESCAPE FFV,SUV - SMALL,2.5,4,AS6,E,15.2,10.9,13.3,21,5,3,219
FORD,ESCAPE AWD,SUV - SMALL,1.5,4,AS6,X,10.7,8.3,9.6,29,5,3,226
FORD,ESCAPE AWD,SUV - SMALL,2,4,AS6,X,11.5,8.8,10.3,27,5,5,241
FORD,EXPEDITION 4X4,SUV - STANDARD,3.5,6,AS10,X,13.8,10.7,12.4,23,3,5,291
FORD,EXPEDITION MAX 4X4,SUV - STANDARD,3.5,6,AS10,X,14.9,11.2,13.2,21,3,5,311
FORD,EXPLORER,SUV - STANDARD,2.3,4,AS6,X,12.6,8.6,10.8,26,4,3,254
FORD,EXPLORER FFV,SUV - STANDARD,3.5,6,AS6,X,13.9,9.8,12.1,23,4,3,283
FORD,EXPLORER FFV,SUV - STANDARD,3.5,6,AS6,E,18.7,13,16.2,17,4,3,269
FORD,EXPLORER AWD,SUV - STANDARD,2.3,4,AS6,X,13.1,9.2,11.4,25,4,3,267
FORD,EXPLORER AWD,SUV - STANDARD,3.5,6,AS6,X,14.8,10.7,13,22,3,3,305
FORD,EXPLORER FFV AWD,SUV - STANDARD,3.5,6,AS6,X,14.5,10.6,12.7,22,3,3,299
FORD,EXPLORER FFV AWD,SUV - STANDARD,3.5,6,AS6,E,19.7,14.3,17.3,16,3,3,288
FORD,F-150,PICKUP TRUCK - STANDARD,2.7,6,AS10,X,11.9,9,10.6,27,4,5,249
FORD,F-150 (LT Tire Pkg),PICKUP TRUCK - STANDARD,2.7,6,AS10,X,12,9.4,10.8,26,4,5,253
FORD,F-150 (Payload Pkg),PICKUP TRUCK - STANDARD,2.7,6,AS10,X,12.3,9.4,11,26,4,5,258
FORD,F-150,PICKUP TRUCK - STANDARD,3,6,AS10,D,10.8,8,9.5,30,4,1,256
FORD,F-150 (LT Tire Pkg),PICKUP TRUCK - STANDARD,3,6,AS10,D,10.8,8.4,9.7,29,4,1,260
FORD,F-150,PICKUP TRUCK - STANDARD,3.3,6,AS6,X,12.3,9.4,11,26,4,5,259
FORD,F-150 FFV,PICKUP TRUCK - STANDARD,3.3,6,AS6,X,12.3,9.3,10.9,26,4,5,257
FORD,F-150 FFV,PICKUP TRUCK - STANDARD,3.3,6,AS6,E,16.8,12.7,14.9,19,4,5,248
FORD,F-150 (LT Tire Pkg),PICKUP TRUCK - STANDARD,3.3,6,AS6,X,12.4,9.8,11.2,25,4,5,263
FORD,F-150 FFV (LT Tire Pkg),PICKUP TRUCK - STANDARD,3.3,6,AS6,X,12.4,9.8,11.2,25,4,5,263
FORD,F-150 FFV (LT Tire Pkg),PICKUP TRUCK - STANDARD,3.3,6,AS6,E,16.8,12.7,14.9,19,4,5,248
FORD,F-150,PICKUP TRUCK - STANDARD,3.5,6,AS10,X,13.6,10.1,12,24,4,5,282
FORD,F-150 (LT Tire Pkg),PICKUP TRUCK - STANDARD,3.5,6,AS10,X,13.6,10.7,12.3,23,3,5,288
FORD,F-150 (Payload Pkg),PICKUP TRUCK - STANDARD,3.5,6,AS10,X,13.7,11.2,12.5,23,3,5,293
FORD,F-150,PICKUP TRUCK - STANDARD,5,8,AS10,X,14.1,10.4,12.4,23,3,3,292
FORD,F-150 FFV,PICKUP TRUCK - STANDARD,5,8,AS10,X,13.9,10.2,12.2,23,3,3,286
FORD,F-150 FFV,PICKUP TRUCK - STANDARD,5,8,AS10,E,20.2,14,17.4,16,3,3,288
FORD,F-150 (LT Tire Pkg),PICKUP TRUCK - STANDARD,5,8,AS10,X,14.7,11.2,13.1,22,3,3,308
FORD,F-150 FFV (LT Tire Pkg),PICKUP TRUCK - STANDARD,5,8,AS10,X,14.7,11.2,13.1,22,3,3,307
FORD,F-150 FFV (LT Tire Pkg),PICKUP TRUCK - STANDARD,5,8,AS10,E,20.2,14,17.4,16,3,3,288
FORD,F-150 (Payload Pkg),PICKUP TRUCK - STANDARD,5,8,AS10,X,14.7,11.8,13.8,20,3,3,324
FORD,F-150 FFV (Payload Pkg),PICKUP TRUCK - STANDARD,5,8,AS10,X,14.7,11.8,13.8,20,3,3,323
FORD,F-150 FFV (Payload Pkg),PICKUP TRUCK - STANDARD,5,8,AS10,E,20.3,14,17.4,16,3,3,288
FORD,F-150 4X4,PICKUP TRUCK - STANDARD,2.7,6,AS10,X,12.6,9.8,11.3,25,4,5,265
FORD,F-150 4X4 (LT Tire Pkg),PICKUP TRUCK - STANDARD,2.7,6,AS10,X,13.1,10.2,11.8,24,4,5,277
FORD,F-150 4X4 (Payload Pkg),PICKUP TRUCK - STANDARD,2.7,6,AS10,X,13.1,9.8,11.6,24,4,5,272
FORD,F-150 4X4,PICKUP TRUCK - STANDARD,3,6,AS10,D,11.8,9.3,10.7,26,3,1,288
FORD,F-150 4X4 (LT Tire Pkg),PICKUP TRUCK - STANDARD,3,6,AS10,D,11.8,9.3,10.7,26,3,1,288
FORD,F-150 4X4 XL/XLT,PICKUP TRUCK - STANDARD,3,6,AS10,D,11.2,8.4,9.9,29,4,1,266
FORD,F-150 4X4,PICKUP TRUCK - STANDARD,3.3,6,AS6,X,13,10.3,11.8,24,4,5,277
FORD,F-150 FFV 4X4,PICKUP TRUCK - STANDARD,3.3,6,AS6,X,12.9,10.2,11.7,24,4,5,273
FORD,F-150 FFV 4X4,PICKUP TRUCK - STANDARD,3.3,6,AS6,E,17.6,13.7,15.8,18,4,5,263
FORD,F-150 4X4 (LT Tire Pkg),PICKUP TRUCK - STANDARD,3.3,6,AS6,X,13.8,10.7,12.4,23,3,5,291
FORD,F-150 FFV 4X4 (LT Tire Pkg),PICKUP TRUCK - STANDARD,3.3,6,AS6,X,13.8,10.7,12.4,23,3,5,291
FORD,F-150 FFV 4X4 (LT Tire Pkg),PICKUP TRUCK - STANDARD,3.3,6,AS6,E,17.5,13.7,15.8,18,4,5,262
FORD,F-150 4X4,PICKUP TRUCK - STANDARD,3.5,6,AS10,X,14.3,10.5,12.6,22,3,5,295
FORD,F-150 4X4 (LT Tire Pkg),PICKUP TRUCK - STANDARD,3.5,6,AS10,X,14.4,10.6,12.7,22,3,5,297
FORD,F-150 4X4 (Payload Pkg),PICKUP TRUCK - STANDARD,3.5,6,AS10,X,14.5,11.2,13,22,3,5,305
FORD,F-150 4X4,PICKUP TRUCK - STANDARD,5,8,AS10,X,14.6,10.9,13,22,3,3,304
FORD,F-150 FFV 4X4,PICKUP TRUCK - STANDARD,5,8,AS10,X,15.1,11,13.3,21,3,3,311
FORD,F-150 FFV 4X4,PICKUP TRUCK - STANDARD,5,8,AS10,E,20,15.6,18,16,3,3,300
FORD,F-150 4X4 (LT Tire Pkg),PICKUP TRUCK - STANDARD,5,8,AS10,X,14.7,11.8,13.8,20,3,3,324
FORD,F-150 FFV 4X4 (LT Tire Pkg),PICKUP TRUCK - STANDARD,5,8,AS10,X,15.1,11.8,13.8,20,3,3,324
FORD,F-150 FFV 4X4 (LT Tire Pkg),PICKUP TRUCK - STANDARD,5,8,AS10,E,20,15.6,18,16,3,3,300
FORD,F-150 4X4 (Payload Pkg),PICKUP TRUCK - STANDARD,5,8,AS10,X,15.7,12.4,14.2,20,3,3,334
FORD,F-150 FFV 4X4 (Payload Pkg),PICKUP TRUCK - STANDARD,5,8,AS10,X,16.1,12.4,14.5,19,2,3,339
FORD,F-150 FFV 4X4 (Payload Pkg),PICKUP TRUCK - STANDARD,5,8,AS10,E,21.4,17.2,19.5,14,3,3,325
FORD,F-150 RAPTOR 4WD,PICKUP TRUCK - STANDARD,3.5,6,AS10,X,15.6,13.2,14.5,19,2,3,339
FORD,FIESTA,SUBCOMPACT,1.6,4,AM6,X,8.6,6.4,7.6,37,7,3,179
FORD,FIESTA,SUBCOMPACT,1.6,4,M5,X,8.6,6.7,7.8,36,7,3,182
FORD,FIESTA ST,SUBCOMPACT,1.6,4,M6,X,9,7.1,8.2,34,6,3,192
FORD,FLEX,SUV - STANDARD,3.5,6,AS6,X,14.7,10.2,12.7,22,3,3,298
FORD,FLEX AWD,SUV - STANDARD,3.5,6,AS6,X,14.7,10.7,12.9,22,3,3,303
FORD,FLEX AWD GTDI,SUV - STANDARD,3.5,6,AS6,X,15.7,11.2,13.7,21,3,3,322
FORD,FOCUS,COMPACT,1,3,AS6,X,8.5,6.2,7.5,38,7,3,176
FORD,FOCUS,COMPACT,1,3,M6,X,7.9,5.9,7,40,8,3,164
FORD,FOCUS,COMPACT,2,4,AM6,X,8.9,6.1,7.7,37,7,7,179
FORD,FOCUS,COMPACT,2,4,AS6,X,9.8,7,8.5,33,6,7,200
FORD,FOCUS,COMPACT,2,4,M5,X,9.5,6.9,8.3,34,6,7,196
FORD,FOCUS RS AWD,MID-SIZE,2.3,4,M6,Z,12.2,9,10.8,26,4,3,252
FORD,FOCUS ST,MID-SIZE,2,4,M6,X,10.5,7.8,9.3,30,5,3,219
FORD,FUSION,MID-SIZE,1.5,4,AS6,X,10,7,8.7,32,6,7,203
FORD,FUSION,MID-SIZE,2,4,AS6,X,11.2,7.6,9.6,29,5,5,225
FORD,FUSION,MID-SIZE,2.5,4,A6,X,11.3,7.4,9.5,30,5,5,223
FORD,FUSION AWD,MID-SIZE,2,4,AS6,X,11.8,8.2,10.2,28,5,5,238
FORD,FUSION AWD,MID-SIZE,2.7,6,AS6,X,13.8,9.1,11.8,24,4,5,277
FORD,FUSION HYBRID,MID-SIZE,2,4,AV,X,5.5,5.6,5.6,50,9,7,131
FORD,GT,TWO-SEATER,3.5,6,AM7,Z,20.4,13.1,17.1,17,1,3,403
FORD,MUSTANG,SUBCOMPACT,2.3,4,AS10,X,11,7.4,9.4,30,5,5,219
FORD,MUSTANG (Performance Pkg),SUBCOMPACT,2.3,4,AS10,X,11.8,8.1,10.1,28,5,5,236
FORD,MUSTANG,SUBCOMPACT,2.3,4,M6,X,11,7.7,9.5,30,5,5,222
FORD,MUSTANG (Performance Pkg),SUBCOMPACT,2.3,4,M6,X,11.8,8.4,10.3,27,5,5,240
FORD,MUSTANG,SUBCOMPACT,5,8,AS10,X,15.1,9.3,12.5,23,3,3,291
FORD,MUSTANG,SUBCOMPACT,5,8,M6,X,15.5,9.5,12.8,22,3,3,300
FORD,MUSTANG CONVERTIBLE,SUBCOMPACT,2.3,4,AS10,X,11.8,8.2,10.2,28,5,5,238
FORD,MUSTANG CONVERTIBLE,SUBCOMPACT,2.3,4,M6,X,11.8,8.4,10.3,27,5,5,240
FORD,MUSTANG CONVERTIBLE,SUBCOMPACT,5,8,AS10,X,15.5,10,13.1,22,3,3,305
FORD,SHELBY GT350 MUSTANG,SUBCOMPACT,5.2,8,M6,Z,17.2,11.3,14.6,19,2,3,341
FORD,T-150 WAGON,VAN - PASSENGER,3.5,6,AS6,X,16.2,12.8,14.7,19,2,1,345
FORD,T-150 WAGON,VAN - PASSENGER,3.7,6,AS6,X,16.8,13.1,15.1,19,2,1,354
FORD,TAURUS FFV,FULL-SIZE,3.5,6,AS6,X,13.1,8.7,11.1,25,4,3,260
FORD,TAURUS FFV,FULL-SIZE,3.5,6,AS6,E,17.6,11.7,15,19,4,3,249
FORD,TAURUS AWD,FULL-SIZE,3.5,6,AS6,X,14.6,10,12.5,23,3,3,294
FORD,TAURUS FFV AWD,FULL-SIZE,3.5,6,AS6,X,13.6,9.9,12.4,23,3,3,291
FORD,TAURUS FFV AWD,FULL-SIZE,3.5,6,AS6,E,18.7,13.4,16.3,17,4,3,271
FORD,TRANSIT CONNECT VAN FFV,SPECIAL PURPOSE VEHICLE,2.5,4,AS6,X,11.9,8.7,10.4,27,5,3,244
FORD,TRANSIT CONNECT VAN FFV,SPECIAL PURPOSE VEHICLE,2.5,4,AS6,E,16.2,11.9,14.3,20,5,3,234
FORD,TRANSIT CONNECT WAGON LWB FFV,SPECIAL PURPOSE VEHICLE,2.5,4,AS6,X,12.3,8.8,10.7,26,4,3,251
FORD,TRANSIT CONNECT WAGON LWB FFV,SPECIAL PURPOSE VEHICLE,2.5,4,AS6,E,16.8,12.1,14.7,19,5,3,241
GENESIS,G80 AWD,FULL-SIZE,3.3,6,AS8,Z,13.8,9.7,11.9,24,4,3,282
GENESIS,G80 AWD,FULL-SIZE,3.8,6,AS8,X,13.4,9.6,11.7,24,4,5,276
GENESIS,G80 AWD,FULL-SIZE,5,8,AS8,Z,15.6,10.4,13.2,21,3,5,312
GENESIS,G90 AWD,FULL-SIZE,3.3,6,AS8,Z,13.7,9.7,11.9,24,4,3,279
GENESIS,G90 AWD,FULL-SIZE,5,8,AS8,Z,15.2,10.2,13,22,3,5,306
GMC,ACADIA,SUV - STANDARD,2.5,4,A6,X,11,9.2,10.2,28,5,3,239
GMC,ACADIA,SUV - STANDARD,3.6,6,A6,X,13.1,9.4,11.4,25,4,5,268
GMC,ACADIA AWD,SUV - STANDARD,2.5,4,A6,X,11.2,9.4,10.4,27,5,3,243
GMC,ACADIA AWD,SUV - STANDARD,3.6,6,A6,X,13.5,9.5,11.7,24,4,5,275
GMC,CANYON,PICKUP TRUCK - SMALL,2.5,4,A6,X,12.1,9.2,10.8,26,4,5,253
GMC,CANYON,PICKUP TRUCK - SMALL,2.5,4,M6,X,11.9,9.2,10.7,26,4,5,251
GMC,CANYON,PICKUP TRUCK - SMALL,2.8,4,A6,D,10.8,8,9.6,29,4,3,257
GMC,CANYON,PICKUP TRUCK - SMALL,3.6,6,A8,X,13.4,9.6,11.7,24,4,5,274
GMC,CANYON 4WD,PICKUP TRUCK - SMALL,2.5,4,A6,X,12.6,9.8,11.3,25,4,5,266
GMC,CANYON 4WD,PICKUP TRUCK - SMALL,2.8,4,A6,D,12.1,8.3,10.4,27,4,3,279
GMC,CANYON 4WD,PICKUP TRUCK - SMALL,3.6,6,A8,X,14.1,10,12.2,23,3,5,288
GMC,SIERRA FFV,PICKUP TRUCK - STANDARD,4.3,6,A6,X,13.4,10,11.8,24,4,5,278
GMC,SIERRA FFV,PICKUP TRUCK - STANDARD,4.3,6,A6,E,19.3,14.4,17.1,17,3,5,284
GMC,SIERRA,PICKUP TRUCK - STANDARD,5.3,8,A6,X,14.6,10.3,12.7,22,3,3,298
GMC,SIERRA FFV,PICKUP TRUCK - STANDARD,5.3,8,A6,X,14.6,10.3,12.7,22,3,3,298
GMC,SIERRA FFV,PICKUP TRUCK - STANDARD,5.3,8,A6,E,19.7,13.9,17,17,4,3,283
GMC,SIERRA,PICKUP TRUCK - STANDARD,5.3,8,A8,X,14.9,10.9,13.1,22,3,3,307
GMC,SIERRA,PICKUP TRUCK - STANDARD,6.2,8,A8,Z,15.9,11.2,13.8,20,3,3,323
GMC,SIERRA eASSIST,PICKUP TRUCK - STANDARD,5.3,8,A8,X,13.4,10,11.8,24,4,3,278
GMC,SIERRA 4WD FFV,PICKUP TRUCK - STANDARD,4.3,6,A6,X,14.1,10.6,12.5,23,3,5,294
GMC,SIERRA 4WD FFV,PICKUP TRUCK - STANDARD,4.3,6,A6,E,20.2,15.2,18,16,3,5,296
GMC,SIERRA 4WD,PICKUP TRUCK - STANDARD,5.3,8,A6,X,15,10.7,13.1,22,3,3,307
GMC,SIERRA 4WD FFV,PICKUP TRUCK - STANDARD,5.3,8,A6,X,15,10.7,13.1,22,3,3,307
GMC,SIERRA 4WD FFV,PICKUP TRUCK - STANDARD,5.3,8,A6,E,21,15,18.3,15,3,3,309
GMC,SIERRA 4WD,PICKUP TRUCK - STANDARD,5.3,8,A8,X,15.6,11.6,13.8,20,3,3,324
GMC,SIERRA 4WD,PICKUP TRUCK - STANDARD,6.2,8,A8,Z,16,11.7,14.1,20,3,3,331
GMC,SIERRA eASSIST 4WD,PICKUP TRUCK - STANDARD,5.3,8,A8,X,14.4,11.2,13,22,3,3,304
GMC,TERRAIN,SUV - SMALL,1.5,4,A9,X,9.2,7.9,8.6,33,6,5,201
GMC,TERRAIN,SUV - SMALL,1.6,4,A6,D,8.5,6,7.4,38,6,3,198
GMC,TERRAIN AWD,SUV - SMALL,1.5,4,A9,X,9.6,8.3,9,31,5,5,210
GMC,TERRAIN AWD,SUV - SMALL,1.6,4,A6,D,8.5,6.1,7.4,38,6,3,198
GMC,TERRAIN AWD,SUV - SMALL,2,4,A9,Z,11.2,9,10.2,28,5,5,239
GMC,YUKON,SUV - STANDARD,5.3,8,A6,X,15.1,10.4,13,22,3,3,305
GMC,YUKON FFV,SUV - STANDARD,5.3,8,A6,X,15.1,10.4,13,22,3,3,305
GMC,YUKON FFV,SUV - STANDARD,5.3,8,A6,E,19.8,13.9,17.2,16,3,3,285
GMC,YUKON 4WD,SUV - STANDARD,5.3,8,A6,X,15.2,10.8,13.2,21,3,3,310
GMC,YUKON 4WD FFV,SUV - STANDARD,5.3,8,A6,X,15.2,10.8,13.2,21,3,3,310
GMC,YUKON 4WD FFV,SUV - STANDARD,5.3,8,A6,E,20.8,14.5,18,16,3,3,299
GMC,YUKON 4WD,SUV - STANDARD,6.2,8,A10,Z,16.4,10.7,13.8,20,3,3,325
GMC,YUKON XL,SUV - STANDARD,5.3,8,A6,X,15.1,10.4,13,22,3,3,305
GMC,YUKON XL FFV,SUV - STANDARD,5.3,8,A6,X,15.1,10.4,13,22,3,3,305
GMC,YUKON XL FFV,SUV - STANDARD,5.3,8,A6,E,19.8,13.9,17.2,16,3,3,285
GMC,YUKON XL 4WD,SUV - STANDARD,5.3,8,A6,X,15.3,10.9,13.3,21,3,3,313
GMC,YUKON XL 4WD FFV,SUV - STANDARD,5.3,8,A6,X,15.3,10.9,13.3,21,3,3,312
GMC,YUKON XL 4WD FFV,SUV - STANDARD,5.3,8,A6,E,22.3,15.7,19.3,15,3,3,321
GMC,YUKON XL 4WD,SUV - STANDARD,6.2,8,A10,Z,17.1,11.3,14.5,19,2,3,340
HONDA,ACCORD,FULL-SIZE,1.5,4,AV,X,7.9,6.3,7.2,39,8,7,168
HONDA,ACCORD,FULL-SIZE,1.5,4,AV7,X,8.2,6.8,7.6,37,7,7,177
HONDA,ACCORD,FULL-SIZE,1.5,4,M6,X,8.9,6.7,7.9,36,7,6,185
HONDA,ACCORD,FULL-SIZE,2,4,M6,X,10.7,7.3,9.2,31,5,6,214
HONDA,ACCORD SPORT/TOURING,MID-SIZE,2,4,AS10,X,10.4,7.4,9.1,31,5,7,211
HONDA,ACCORD HYBRID,FULL-SIZE,2,4,AV,X,5,5.1,5.1,55,10,7,118
HONDA,CIVIC COUPE,COMPACT,1.5,4,AV,X,7.5,5.9,6.8,42,8,3,158
HONDA,CIVIC COUPE,COMPACT,1.5,4,M6,X,7.7,5.7,6.8,42,8,3,158
HONDA,CIVIC COUPE,COMPACT,2,4,AV,X,7.8,6,7,40,8,3,163
HONDA,CIVIC COUPE,COMPACT,2,4,M6,X,8.5,6.1,7.4,38,7,3,173
HONDA,CIVIC COUPE Si,COMPACT,1.5,4,M6,Z,8.4,6.2,7.4,38,7,3,173
HONDA,CIVIC HATCHBACK,FULL-SIZE,1.5,4,AV,X,7.7,6,6.9,41,8,3,162
HONDA,CIVIC HATCHBACK,FULL-SIZE,1.5,4,AV7,X,7.9,6.6,7.3,39,7,3,170
HONDA,CIVIC HATCHBACK,FULL-SIZE,1.5,4,M6,X,8,6.2,7.2,39,8,3,167
HONDA,CIVIC HATCHBACK SPORT,FULL-SIZE,1.5,4,AV7,Z,7.9,6.6,7.3,39,7,3,170
HONDA,CIVIC HATCHBACK SPORT,FULL-SIZE,1.5,4,M6,Z,8,6.2,7.2,39,8,3,167
HONDA,CIVIC SEDAN,MID-SIZE,1.5,4,AV,X,7.4,5.6,6.6,43,8,3,153
HONDA,CIVIC SEDAN,MID-SIZE,2,4,AV,X,7.8,6,7,40,8,3,163
HONDA,CIVIC SEDAN,MID-SIZE,2,4,M6,X,8.5,6,7.4,38,7,3,172
HONDA,CIVIC SEDAN Si,MID-SIZE,1.5,4,M6,Z,8.4,6.2,7.4,38,7,3,173
HONDA,CIVIC TYPE R,FULL-SIZE,2,4,M6,Z,10.6,8.3,9.6,29,5,3,224
HONDA,CR-V,SUV - SMALL,1.5,4,AV,X,8.4,7,7.8,36,7,5,181
HONDA,CR-V AWD,SUV - SMALL,1.5,4,AV,X,8.7,7.2,8,35,6,5,188
HONDA,FIT,STATION WAGON - SMALL,1.5,4,AV,X,7,5.9,6.5,43,8,7,151
HONDA,FIT,STATION WAGON - SMALL,1.5,4,AV7,X,7.6,6.5,7,40,8,7,166
HONDA,FIT,STATION WAGON - SMALL,1.5,4,M6,X,8.1,6.6,7.4,38,7,3,174
HONDA,HR-V,STATION WAGON - SMALL,1.8,4,AV,X,8.3,6.9,7.7,37,7,3,180
HONDA,HR-V,STATION WAGON - SMALL,1.8,4,AV7,X,8.3,6.9,7.7,37,7,3,180
HONDA,HR-V,STATION WAGON - SMALL,1.8,4,M6,X,9.4,7.1,8.4,34,6,3,195
HONDA,HR-V AWD,STATION WAGON - SMALL,1.8,4,AV,X,8.9,7.5,8.2,34,6,3,194
HONDA,HR-V AWD,STATION WAGON - SMALL,1.8,4,AV7,X,8.9,7.5,8.2,34,6,3,194
HONDA,ODYSSEY,MINIVAN,3.5,6,AS9,X,12.6,8.4,10.7,26,4,3,252
HONDA,ODYSSEY TOURING,MINIVAN,3.5,6,AS10,X,12.2,8.5,10.6,27,4,3,247
HONDA,PILOT AWD,SUV - SMALL,3.5,6,A6,X,13,9.3,11.3,25,4,3,266
HONDA,PILOT AWD,SUV - SMALL,3.5,6,AS9,X,12.4,9.3,11,26,4,3,256
HONDA,RIDGELINE AWD,PICKUP TRUCK - STANDARD,3.5,6,A6,X,12.8,9.5,11.3,25,4,3,264
HYUNDAI,ELANTRA,MID-SIZE,1.6,4,AM7,X,8.9,7,8.1,35,6,3,189
HYUNDAI,ACCENT,COMPACT,1.6,4,AS6,X,8.3,6.2,7.4,38,7,3,173
HYUNDAI,ACCENT,COMPACT,1.6,4,M6,X,8.2,6.3,7.3,39,7,3,173
HYUNDAI,ELANTRA,MID-SIZE,1.6,4,M6,X,10.7,7.8,9.4,30,5,3,221
HYUNDAI,ELANTRA,MID-SIZE,2,4,AS6,X,8.3,6.4,7.4,38,7,5,174
HYUNDAI,ELANTRA,MID-SIZE,2,4,M6,X,9.3,6.4,8,35,6,5,188
HYUNDAI,ELANTRA GT,FULL-SIZE,1.6,4,AM7,X,9.2,7.1,8.3,34,6,3,194
HYUNDAI,ELANTRA GT,FULL-SIZE,1.6,4,M6,X,10.7,8.1,9.6,29,5,3,226
HYUNDAI,ELANTRA GT,FULL-SIZE,2,4,AS6,X,9.4,7.2,8.4,34,6,3,198
HYUNDAI,ELANTRA GT,FULL-SIZE,2,4,M6,X,9.8,7.3,8.7,32,6,3,205
HYUNDAI,IONIQ,FULL-SIZE,1.6,4,AM6,X,4.3,4.4,4.3,66,10,7,102
HYUNDAI,IONIQ BLUE,FULL-SIZE,1.6,4,AM6,X,4.2,4,4.1,69,10,7,96
HYUNDAI,KONA,SUV - SMALL,2,4,AS6,X,8.6,7,7.9,36,7,5,186
HYUNDAI,KONA AWD,SUV - SMALL,1.6,4,AM7,X,9,8,8.6,33,6,5,201
HYUNDAI,KONA AWD,SUV - SMALL,2,4,AS6,X,9.2,7.8,8.6,33,6,5,202
HYUNDAI,SANTA FE,SUV - SMALL,3.3,6,AS6,X,12.9,9.4,11.3,25,4,3,265
HYUNDAI,SANTA FE AWD,SUV - SMALL,3.3,6,AS6,X,13,9.7,11.5,25,4,3,269
HYUNDAI,SANTA FE ULTIMATE AWD,SUV - SMALL,3.3,6,AS6,X,13.9,10.8,12.5,23,3,3,295
HYUNDAI,SANTA FE SPORT,SUV - SMALL,2.4,4,AS6,X,11.1,8.6,10,28,5,5,235
HYUNDAI,SANTA FE SPORT AWD,SUV - SMALL,2.4,4,AS6,X,12,9.1,10.7,26,4,5,253
HYUNDAI,SANTA FE SPORT ULTIMATE AWD,SUV - SMALL,2,4,AS6,X,12.5,9.6,11.2,25,4,3,264
HYUNDAI,SONATA,FULL-SIZE,2,4,AS8,X,10.4,7.4,9.1,31,5,5,212
HYUNDAI,SONATA,FULL-SIZE,2.4,4,AS6,X,9.8,6.9,8.5,33,6,5,202
HYUNDAI,SONATA HYBRID,MID-SIZE,2,4,AM6,X,6,5.3,5.7,50,9,7,135
HYUNDAI,SONATA HYBRID SE,MID-SIZE,2,4,AM6,X,5.9,5.1,5.6,50,9,7,132
HYUNDAI,TUCSON,SUV - SMALL,2,4,AS6,X,10.1,7.8,9,31,5,3,213
HYUNDAI,TUCSON AWD,SUV - SMALL,1.6,4,AM7,X,9.9,8.5,9.3,30,5,3,221
HYUNDAI,TUCSON AWD,SUV - SMALL,2,4,AS6,X,11,9.1,10.2,28,5,3,241
INFINITI,Q50 AWD,MID-SIZE,2,4,AS7,Z,10.7,8.6,9.7,29,5,3,228
INFINITI,Q50 AWD,MID-SIZE,3,6,AS7,Z,12.4,8.7,10.8,26,4,3,253
INFINITI,Q50 AWD RED SPORT,MID-SIZE,3,6,AS7,Z,12.5,9.3,11.1,25,4,3,260
INFINITI,Q50 HYBRID AWD,COMPACT,3.5,6,AS7,Z,9.1,7.7,8.5,33,6,3,200
INFINITI,Q60 AWD,SUBCOMPACT,2,4,AS7,Z,11.2,8.5,10,28,5,3,233
INFINITI,Q60 AWD,SUBCOMPACT,3,6,AS7,Z,12.3,8.6,10.7,26,4,3,251
INFINITI,Q60 AWD RED SPORT,SUBCOMPACT,3,6,AS7,Z,12.5,9.2,11,26,4,3,259
INFINITI,Q70 AWD,MID-SIZE,3.7,6,AS7,Z,13.2,9.8,11.7,24,4,3,274
INFINITI,Q70 AWD,MID-SIZE,5.6,8,AS7,Z,14.9,10.3,12.8,22,3,3,301
INFINITI,QX30,COMPACT,2,4,AM7,Z,9.7,7.1,8.5,33,6,3,200
INFINITI,QX30 AWD,COMPACT,2,4,AM7,Z,10.6,8,9.4,30,5,3,221
INFINITI,QX60 AWD,SUV - SMALL,3.5,6,AV7,Z,12.5,9,10.9,26,4,3,257
INFINITI,QX80 4WD,SUV - STANDARD,5.6,8,AS7,Z,17.4,12.2,15.1,19,2,3,354
JAGUAR,F-PACE 20d,SUV - SMALL,2,4,AS8,D,8.9,7.2,8.1,35,5,1,218
JAGUAR,F-PACE 25t,SUV - SMALL,2,4,AS8,Z,10.7,8.8,9.9,29,5,7,227
JAGUAR,F-PACE 35t,SUV - SMALL,3,6,AS8,Z,13.3,10,11.8,24,4,7,277
JAGUAR,F-TYPE CONVERTIBLE,TWO-SEATER,2,4,AS8,Z,10.2,7.8,9.2,31,5,7,215
JAGUAR,F-TYPE CONVERTIBLE,TWO-SEATER,3,6,AS8,Z,11.9,8.5,10.4,27,5,7,242
JAGUAR,F-TYPE CONVERTIBLE,TWO-SEATER,3,6,M6,Z,14.9,9.8,12.6,22,3,7,296
JAGUAR,F-TYPE CONVERTIBLE R-DYNAMIC,TWO-SEATER,3,6,AS8,Z,12.4,8.8,10.8,26,4,7,253
JAGUAR,F-TYPE CONVERTIBLE R-DYNAMIC,TWO-SEATER,3,6,M6,Z,15.3,10,12.9,22,3,7,302
JAGUAR,F-TYPE CONVERTIBLE R-DYNAMIC AWD,TWO-SEATER,3,6,AS8,Z,13,9.2,11.3,25,4,7,265
JAGUAR,F-TYPE COUPE,TWO-SEATER,2,4,AS8,Z,10.2,7.8,9.2,31,5,7,215
JAGUAR,F-TYPE COUPE,TWO-SEATER,3,6,AS8,Z,11.9,8.5,10.4,27,5,7,242
JAGUAR,F-TYPE COUPE,TWO-SEATER,3,6,M6,Z,14.9,9.8,12.6,22,3,7,296
JAGUAR,F-TYPE COUPE R-DYNAMIC,TWO-SEATER,3,6,AS8,Z,12.4,8.8,10.8,26,4,7,253
JAGUAR,F-TYPE COUPE R-DYNAMIC,TWO-SEATER,3,6,M6,Z,15.3,10,12.9,22,3,7,302
JAGUAR,F-TYPE COUPE R-DYNAMIC AWD,TWO-SEATER,3,6,AS8,Z,13,9.2,11.3,25,4,7,265
JAGUAR,F-TYPE R AWD CONVERTIBLE,TWO-SEATER,5,8,AS8,Z,15.6,10.4,13.3,21,3,3,311
JAGUAR,F-TYPE R AWD COUPE,TWO-SEATER,5,8,AS8,Z,15.6,10.4,13.3,21,3,3,311
JAGUAR,XE 20d AWD,COMPACT,2,4,AS8,D,7.8,5.8,6.9,41,7,1,186
JAGUAR,XE 25t AWD,COMPACT,2,4,AS8,Z,9.8,6.9,8.5,33,6,7,200
JAGUAR,XE 35t AWD,COMPACT,3,6,AS8,Z,11.8,8.2,10.2,28,5,7,238
JAGUAR,XF 20d AWD,MID-SIZE,2,4,AS8,D,7.8,5.8,6.9,41,7,1,186
JAGUAR,XF 25t AWD,MID-SIZE,2,4,AS8,Z,10.1,7.2,8.8,32,6,7,207
JAGUAR,XF 35t AWD,MID-SIZE,3,6,AS8,Z,12,8.4,10.4,27,5,7,243
JAGUAR,XJ R-SPORT AWD,FULL-SIZE,3,6,AS8,Z,14,9,11.8,24,4,7,276
JAGUAR,XJL PORTFOLIO AWD,FULL-SIZE,3,6,AS8,Z,14,9.4,11.9,24,4,7,280
JAGUAR,XJR LWB,FULL-SIZE,5,8,AS8,Z,15.8,10.3,13.3,21,3,3,313
JEEP,CHEROKEE FFV,SUV - SMALL,2.4,4,A9,X,11,7.8,9.6,29,5,3,225
JEEP,CHEROKEE FFV,SUV - SMALL,2.4,4,A9,E,15.5,10.5,13.3,21,5,3,218
JEEP,CHEROKEE,SUV - SMALL,3.2,6,A9,X,11.4,8.3,10,28,5,3,234
JEEP,CHEROKEE 4X4 ACTIVE DRIVE I,SUV - SMALL,2.4,4,A9,X,11.3,8.4,10,28,5,3,235
JEEP,CHEROKEE 4X4 ACTIVE DRIVE I FFV,SUV - SMALL,2.4,4,A9,X,11.3,8.4,10,28,5,3,235
JEEP,CHEROKEE 4X4 ACTIVE DRIVE I FFV,SUV - SMALL,2.4,4,A9,E,16.3,11.3,14,20,5,3,231
JEEP,CHEROKEE 4X4 ACTIVE DRIVE I,SUV - SMALL,3.2,6,A9,X,11.6,8.6,10.3,27,5,3,241
JEEP,CHEROKEE 4X4 ACTIVE DRIVE II,SUV - SMALL,2.4,4,A9,X,11.4,8.7,10.2,28,5,1,239
JEEP,CHEROKEE 4X4 ACTIVE DRIVE II,SUV - SMALL,3.2,6,A9,X,12.8,9,11.1,25,4,3,259
JEEP,CHEROKEE 4X4 ACTIVE DRIVE LOCK,SUV - SMALL,2.4,4,A9,X,12.1,9.4,10.9,26,4,1,256
JEEP,CHEROKEE 4X4 ACTIVE DRIVE LOCK,SUV - SMALL,3.2,6,A9,X,12.9,9.9,11.6,24,4,3,269
JEEP,COMPASS,SUV - SMALL,2.4,4,A6,X,10.6,7.6,9.3,30,5,7,218
JEEP,COMPASS,SUV - SMALL,2.4,4,M6,X,10.4,7.3,9,31,5,3,211
JEEP,COMPASS 4X4,SUV - SMALL,2.4,4,A9,X,10.8,7.8,9.5,30,5,7,222
JEEP,COMPASS 4X4,SUV - SMALL,2.4,4,M6,X,10.8,7.6,9.4,30,5,3,221
JEEP,GRAND CHEROKEE 4X4,SUV - STANDARD,3,6,A8,D,11.2,8.5,10,28,4,1,268
JEEP,GRAND CHEROKEE 4X4,SUV - STANDARD,3.6,6,A8,X,12.7,9.6,11.3,25,4,5,265
JEEP,GRAND CHEROKEE 4X4,SUV - STANDARD,5.7,8,A8,X,16.7,10.9,14.1,20,3,3,331
JEEP,GRAND CHEROKEE 4X4 SRT,SUV - STANDARD,6.4,8,A8,Z,18.3,12.6,15.7,18,2,1,368
JEEP,GRAND CHEROKEE 4X4 TRACKHAWK,SUV - STANDARD,6.2,8,A8,Z,20.9,13.8,17.7,16,1,1,413
JEEP,NEW WRANGLER 4X4,SUV - SMALL,2,4,A8,X,10.5,9.4,10,28,5,5,233
JEEP,NEW WRANGLER 4X4,SUV - SMALL,3.6,6,A8,X,12.8,10.4,11.8,24,4,5,274
JEEP,NEW WRANGLER 4X4,SUV - SMALL,3.6,6,M6,X,13.7,9.6,11.8,24,4,5,277
JEEP,NEW WRANGLER UNLIMITED 4X4,SUV - SMALL,2,4,A8,X,10.9,10,10.5,27,5,5,245
JEEP,NEW WRANGLER UNLIMITED 4X4,SUV - SMALL,3.6,6,A8,X,12.9,10.2,11.7,24,4,5,275
JEEP,NEW WRANGLER UNLIMITED 4X4,SUV - SMALL,3.6,6,M6,X,13.8,10.1,12.2,23,3,5,285
JEEP,RENEGADE,SUV - SMALL,1.4,4,M6,X,9.9,7.7,8.9,32,5,3,209
JEEP,RENEGADE,SUV - SMALL,2.4,4,A9,X,10.8,7.8,9.5,30,5,7,222
JEEP,RENEGADE FFV,SUV - SMALL,2.4,4,A9,X,10.8,7.8,9.5,30,5,3,222
JEEP,RENEGADE FFV,SUV - SMALL,2.4,4,A9,E,14.4,10.2,12.5,23,6,3,206
JEEP,RENEGADE 4X4,SUV - SMALL,1.4,4,M6,X,9.9,7.7,8.9,32,5,3,211
JEEP,RENEGADE 4X4,SUV - SMALL,2.4,4,A9,X,11.2,8.2,9.8,29,5,7,230
JEEP,WRANGLER JK 4X4,SUV - SMALL,3.6,6,A5,X,14.1,11.1,12.8,22,3,3,299
JEEP,WRANGLER JK 4X4,SUV - SMALL,3.6,6,M6,X,14.2,11,12.8,22,3,3,298
JEEP,WRANGLER JK UNLIMITED 4X4,SUV - SMALL,3.6,6,A5,X,14.7,11.7,13.4,21,3,3,313
JEEP,WRANGLER JK UNLIMITED 4X4,SUV - SMALL,3.6,6,M6,X,15,11.4,13.3,21,3,3,312
KIA,CADENZA,FULL-SIZE,3.3,6,AS8,X,11.5,8.5,10.2,28,5,3,237
KIA,FORTE (MPI),MID-SIZE,2,4,AS6,X,8,6.1,7.1,40,8,5,168
KIA,FORTE (GDI),MID-SIZE,2,4,AS6,X,9.4,7,8.3,34,6,3,198
KIA,FORTE,MID-SIZE,2,4,M6,X,9.4,6.8,8.3,34,6,5,195
KIA,FORTE 5,FULL-SIZE,1.6,4,AM7,X,9.4,7.9,8.7,32,6,3,207
KIA,FORTE 5,FULL-SIZE,2,4,AS6,X,9.4,7,8.3,34,6,3,197
KIA,FORTE 5,FULL-SIZE,2,4,M6,X,9.8,7.3,8.7,32,6,3,204
KIA,K900,FULL-SIZE,3.8,6,AS8,X,13.8,9.3,11.8,24,4,3,279
KIA,K900,FULL-SIZE,5,8,AS8,Z,15.6,10.6,13.3,21,3,3,317
KIA,NIRO,STATION WAGON - SMALL,1.6,4,AM6,X,4.6,5.1,4.8,59,10,7,114
KIA,NIRO FE,STATION WAGON - SMALL,1.6,4,AM6,X,4.5,4.8,4.7,60,10,7,110
KIA,NIRO TOURING,STATION WAGON - SMALL,1.6,4,AM6,X,5.1,5.8,5.4,52,9,7,129
KIA,OPTIMA,FULL-SIZE,2,4,AS6,X,10.9,7.6,9.4,30,5,3,224
KIA,OPTIMA,FULL-SIZE,2.4,4,AS6,X,9.6,6.8,8.4,34,6,5,198
KIA,OPTIMA FE,FULL-SIZE,2.4,4,AS6,X,9.3,6.6,8,35,6,5,190
KIA,OPTIMA HYBRID,MID-SIZE,2,4,AM6,X,6,5.1,5.6,50,9,3,132
KIA,RIO,COMPACT,1.6,4,AS6,X,8.5,6.4,7.5,38,7,3,177
KIA,RIO,COMPACT,1.6,4,M6,X,8.3,6.4,7.5,38,7,3,175
KIA,SEDONA,MINIVAN,3.3,6,AS6,X,13.2,9.7,11.6,24,4,3,275
KIA,SEDONA SX,MINIVAN,3.3,6,AS6,X,12.9,9.5,11.4,25,4,3,269
KIA,SEDONA SXL,MINIVAN,3.3,6,AS6,X,14.1,10.5,12.5,23,3,3,296
KIA,SORENTO,SUV - SMALL,2.4,4,AS6,X,11.2,8.3,9.9,29,5,5,234
KIA,SORENTO AWD,SUV - SMALL,2,4,AS6,X,12.3,9.4,11,26,4,3,259
KIA,SORENTO AWD,SUV - SMALL,2.4,4,AS6,X,11.5,9.3,10.5,27,4,5,246
KIA,SORENTO AWD,SUV - SMALL,3.3,6,AS6,X,14,10.1,12.2,23,3,3,289
KIA,SORENTO AWD FE,SUV - SMALL,3.3,6,AS6,X,13.2,9.3,11.4,25,4,3,270
KIA,SOUL,STATION WAGON - SMALL,1.6,4,AM7,X,9.1,7.7,8.5,33,6,3,199
KIA,SOUL,STATION WAGON - SMALL,1.6,4,AS6,X,9.4,7.8,8.7,32,6,3,205
KIA,SOUL,STATION WAGON - SMALL,2,4,AS6,X,9.5,7.8,8.7,32,6,5,206
KIA,SPORTAGE,SUV - SMALL,2.4,4,AS6,X,10.3,7.8,9.2,31,5,5,218
KIA,SPORTAGE AWD,SUV - SMALL,2,4,AS6,X,11.9,10.2,11.1,25,4,3,263
KIA,SPORTAGE AWD,SUV - SMALL,2.4,4,AS6,X,11.3,9.5,10.5,27,4,5,247
KIA,STINGER AWD,MID-SIZE,3.3,6,AS8,Z,12.7,9.6,11.3,25,4,3,265
LAMBORGHINI,AVENTADOR COUPE,TWO-SEATER,6.5,12,AM7,Z,23.8,14.1,19.4,15,1,1,454
LAMBORGHINI,AVENTADOR ROADSTER,TWO-SEATER,6.5,12,AM7,Z,24.2,14.5,19.8,14,1,1,464
LAMBORGHINI,AVENTADOR S COUPE,TWO-SEATER,6.5,12,AM7,Z,23.8,14.1,19.4,15,1,1,454
LAMBORGHINI,AVENTADOR S ROADSTER,TWO-SEATER,6.5,12,AM7,Z,24.2,14.5,19.8,14,1,1,464
LAMBORGHINI,HURACAN,TWO-SEATER,5.2,10,AM7,Z,16.8,11.4,14.4,20,2,1,336
LAMBORGHINI,HURACAN AWD,TWO-SEATER,5.2,10,AM7,Z,17.2,12.2,15,19,2,1,349
LAMBORGHINI,HURACAN SPYDER,TWO-SEATER,5.2,10,AM7,Z,16.7,11.7,14.5,19,2,1,337
LAMBORGHINI,HURACAN SPYDER AWD,TWO-SEATER,5.2,10,AM7,Z,17.2,12.3,15,19,2,1,350
LAND ROVER,DISCOVERY SPORT,SUV - SMALL,2,4,AS9,Z,11.4,9.3,10.5,27,5,7,246
LAND ROVER,RANGE ROVER EVOQUE,SUV - SMALL,2,4,AS9,Z,10.9,8,9.6,29,5,7,225
LAND ROVER,RANGE ROVER EVOQUE CONVERTIBLE,SUV - SMALL,2,4,AS9,Z,11.2,8.2,9.8,29,5,7,231
LAND ROVER,RANGE ROVER VELAR,SUV - SMALL,2,4,AS8,D,9.2,7.8,8.5,33,5,1,229
LAND ROVER,RANGE ROVER VELAR,SUV - SMALL,3,6,AS8,Z,13,10,11.6,24,4,7,273
LEXUS,ES 300h,MID-SIZE,2.5,4,AV6,X,5.8,6.1,5.9,48,9,7,139
LEXUS,ES 350,MID-SIZE,3.5,6,AS6,X,11.4,7.7,9.7,29,5,3,226
LEXUS,GS 350 AWD,MID-SIZE,3.5,6,AS6,Z,12.5,9.2,11,26,4,5,257
LEXUS,GS 450h,MID-SIZE,3.5,6,AV8,Z,8,6.9,7.5,38,7,7,176
LEXUS,GS F,COMPACT,5,8,AS8,Z,14.9,9.7,12.5,23,3,5,293
LEXUS,GX 460,SUV - STANDARD,4.6,8,AS6,Z,16,12.9,14.6,19,2,3,341
LEXUS,IS 300,COMPACT,2,4,AS8,Z,10.6,7.3,9.1,31,5,3,214
LEXUS,IS 300 AWD,COMPACT,3.5,6,AS6,Z,12.3,9.1,10.9,26,4,5,254
LEXUS,IS 350 AWD,COMPACT,3.5,6,AS6,Z,12.3,9.1,10.9,26,4,5,254
LEXUS,LC 500,SUBCOMPACT,5,8,AS10,Z,14.7,9.2,12.2,23,3,5,286
LEXUS,LC 500h,SUBCOMPACT,3.5,6,AV10,Z,8.9,7,8,35,6,7,187
LEXUS,LS 500,MID-SIZE,3.4,6,AS10,Z,12.2,7.8,10.2,28,5,3,240
LEXUS,LS 500 AWD,MID-SIZE,3.4,6,AS10,Z,13,8.7,11,26,4,3,259
LEXUS,LS 500h,MID-SIZE,3.5,6,AV10,Z,9.4,7.1,8.4,34,6,7,195
LEXUS,LS 500h AWD,MID-SIZE,3.5,6,AV10,Z,10.3,7.6,9.1,31,5,7,211
LEXUS,LX 570,SUV - STANDARD,5.7,8,AS8,Z,18.2,12.8,15.8,18,2,3,371
LEXUS,NX 300 AWD,SUV - SMALL,2,4,AS6,Z,10.6,8.5,9.7,29,5,3,226
LEXUS,NX 300 AWD F SPORT,SUV - SMALL,2,4,AS6,Z,10.8,8.9,9.9,29,5,3,232
LEXUS,NX 300h AWD,SUV - SMALL,2.5,4,AV6,X,7.2,7.9,7.5,38,7,7,176
LEXUS,RC 300 AWD,SUBCOMPACT,3.5,6,AS6,Z,13.1,9.8,11.2,25,4,5,262
LEXUS,RC 350 AWD,SUBCOMPACT,3.5,6,AS6,Z,13.1,9.8,11.2,25,4,5,262
LEXUS,RC F,SUBCOMPACT,5,8,AS8,Z,15.2,9.5,12.6,22,3,5,289
LEXUS,RX 350 AWD,SUV - SMALL,3.5,6,AS8,X,12.2,9,10.8,26,4,5,252
LEXUS,RX 350 L AWD,SUV - SMALL,3.5,6,AS8,X,13.1,9.4,11.1,25,4,5,268
LEXUS,RX 450h AWD,SUV - STANDARD,3.5,6,AV6,Z,7.5,8.4,7.9,36,7,7,185
LINCOLN,CONTINENTAL AWD,FULL-SIZE,2.7,6,AS6,X,14,9.4,12,24,4,5,280
LINCOLN,CONTINENTAL AWD,FULL-SIZE,3,6,AS6,X,14.5,9.8,12.3,23,3,5,290
LINCOLN,CONTINENTAL AWD,FULL-SIZE,3.7,6,AS6,X,14.3,9.7,12.2,23,3,3,287
LINCOLN,MKC AWD,SUV - SMALL,2,4,AS6,X,12.3,9.3,10.9,26,4,5,256
LINCOLN,MKC AWD (Start/Stop),SUV - SMALL,2,4,AS6,X,12.1,9.3,10.8,26,4,5,254
LINCOLN,MKC AWD,SUV - SMALL,2.3,4,AS6,X,13.1,9.4,11.5,25,4,3,269
LINCOLN,MKT AWD,SUV - STANDARD,3.5,6,AS6,X,15.7,11.2,13.7,21,3,3,322
LINCOLN,MKT LIVERY AWD,SPECIAL PURPOSE VEHICLE,3.7,6,A6,X,14.7,10.2,12.7,22,3,3,298
LINCOLN,MKX AWD,SUV - SMALL,2.7,6,AS6,X,14.1,9.8,12.1,23,3,5,284
LINCOLN,MKX AWD,SUV - SMALL,3.7,6,AS6,X,14.3,10.3,12.5,23,3,3,293
LINCOLN,MKZ AWD,MID-SIZE,2,4,AS6,X,11.8,8.4,10.3,27,5,5,242
LINCOLN,MKZ AWD,MID-SIZE,3,6,AS6,X,14,9.2,11.8,24,4,5,278
LINCOLN,MKZ HYBRID,MID-SIZE,2,4,AV,X,5.7,6.2,5.9,48,9,7,139
LINCOLN,NAVIGATOR 4X4,SUV - STANDARD,3.5,6,AS10,X,14.9,11.3,13.3,21,3,5,310
MASERATI,GHIBLI,MID-SIZE,3,6,AS8,Z,14.1,9.8,12.2,23,3,1,286
MASERATI,GHIBLI S,MID-SIZE,3,6,AS8,Z,14.5,10,12.4,23,3,1,293
MASERATI,GHIBLI SQ4,MID-SIZE,3,6,AS8,Z,14.7,9.9,12.6,22,3,1,295
MASERATI,GRANTURISMO,SUBCOMPACT,4.7,8,AS6,Z,18.2,11.4,15.1,19,2,1,355
MASERATI,GRANTURISMO CONVERTIBLE,SUBCOMPACT,4.7,8,AS6,Z,18.2,11.6,15.2,19,2,1,358
MASERATI,LEVANTE,SUV - STANDARD,3,6,AS8,Z,16.4,11.9,14.4,20,2,1,340
MASERATI,LEVANTE S,SUV - STANDARD,3,6,AS8,Z,16.6,12.2,14.7,19,2,1,346
MASERATI,QUATTROPORTE GTS,FULL-SIZE,3.8,8,AS8,Z,16.1,10.8,13.7,21,3,1,321
MASERATI,QUATTROPORTE S,FULL-SIZE,3,6,AS8,Z,14.9,10.3,12.8,22,3,1,300
MASERATI,QUATTROPORTE SQ4,FULL-SIZE,3,6,AS8,Z,15,10.3,12.8,22,3,1,301
MAZDA,CX-3,COMPACT,2,4,AS6,X,8.2,6.9,7.6,37,7,3,180
MAZDA,CX-3,COMPACT,2,4,M6,X,9,7,8.1,35,6,3,189
MAZDA,CX-3 4WD,COMPACT,2,4,AS6,X,8.8,7.5,8.2,34,6,3,192
MAZDA,CX-5 ,SUV - SMALL,2,4,M6,X,9.7,7.7,8.8,32,6,3,206
MAZDA,CX-5,SUV - SMALL,2.5,4,AS6,X,9.7,7.8,8.8,32,6,7,206
MAZDA,CX-5 (Cylinder Deactivation),SUV - SMALL,2.5,4,AS6,X,9.3,7.6,8.5,33,6,7,201
MAZDA,CX-5 4WD,SUV - SMALL,2.5,4,AS6,X,10.2,8.2,9.3,30,5,7,217
MAZDA,CX-5 4WD (Cylinder Deactivation),SUV - SMALL,2.5,4,AS6,X,9.8,7.9,9,31,6,7,208
MAZDA,CX-9,SUV - SMALL,2.5,4,AS6,X,10.6,8.4,9.6,29,5,3,225
MAZDA,CX-9 4WD,SUV - SMALL,2.5,4,AS6,X,11.5,8.9,10.4,27,5,3,242
MAZDA,MAZDA3 4-DOOR,COMPACT,2,4,AS6,X,8.4,6.4,7.5,38,7,7,176
MAZDA,MAZDA3 4-DOOR,COMPACT,2,4,M6,X,8.5,6.2,7.5,38,7,7,175
MAZDA,MAZDA3 4-DOOR (SIL),COMPACT,2,4,M6,X,8.5,6.2,7.5,38,7,7,175
MAZDA,MAZDA3 4-DOOR,COMPACT,2.5,4,AS6,X,8.8,6.6,7.8,36,7,7,182
MAZDA,MAZDA3 4-DOOR (i-ELOOP),COMPACT,2.5,4,AS6,X,8.5,6.4,7.6,37,7,7,176
MAZDA,MAZDA3 4-DOOR (SIL),COMPACT,2.5,4,M6,X,9.3,6.9,8.2,34,6,3,194
MAZDA,MAZDA3 5-DOOR,MID-SIZE,2,4,AS6,X,8.4,6.4,7.5,38,7,7,174
MAZDA,MAZDA3 5-DOOR (SIL),MID-SIZE,2,4,M6,X,8.6,6.4,7.6,37,7,7,178
MAZDA,MAZDA3 5-DOOR,MID-SIZE,2.5,4,AS6,X,9,6.7,7.8,36,7,7,187
MAZDA,MAZDA3 5-DOOR (i-ELOOP),MID-SIZE,2.5,4,AS6,X,8.7,6.6,7.8,36,7,7,181
MAZDA,MAZDA3 5-DOOR (SIL),MID-SIZE,2.5,4,M6,X,9.6,7,8.4,34,6,3,198
MAZDA,MAZDA6,MID-SIZE,2.5,4,AS6,X,9.1,6.7,8,35,7,7,187
MAZDA,MAZDA6 TURBO,MID-SIZE,2.5,4,AS6,X,10,7.5,8.9,32,6,3,208
MAZDA,MX-5,TWO-SEATER,2,4,AS6,Z,9.1,6.8,8,35,6,3,188
MAZDA,MX-5 (SIL),TWO-SEATER,2,4,M6,Z,8.9,7.1,8.1,35,6,3,189
MERCEDES-BENZ,AMG C 43 4MATIC,COMPACT,3,6,A9,Z,11.8,8.8,10.4,27,5,5,244
MERCEDES-BENZ,AMG C 43 4MATIC CABRIOLET,SUBCOMPACT,3,6,A9,Z,12.3,9.4,11,26,4,5,256
MERCEDES-BENZ,AMG C 43 4MATIC COUPE,SUBCOMPACT,3,6,A9,Z,11.8,8.8,10.5,27,5,5,245
MERCEDES-BENZ,AMG C 63,COMPACT,4,8,A7,Z,13.4,9.6,11.7,24,4,5,274
MERCEDES-BENZ,AMG C 63 CABRIOLET,SUBCOMPACT,4,8,A7,Z,14,10.4,12.4,23,3,5,291
MERCEDES-BENZ,AMG C 63 COUPE,SUBCOMPACT,4,8,A7,Z,13.8,10.1,12.1,23,3,5,285
MERCEDES-BENZ,AMG C 63 S,COMPACT,4,8,A7,Z,13.4,9.6,11.7,24,4,5,274
MERCEDES-BENZ,AMG C 63 S CABRIOLET,SUBCOMPACT,4,8,A7,Z,14,10.4,12.4,23,3,5,291
MERCEDES-BENZ,AMG C 63 S COUPE,SUBCOMPACT,4,8,A7,Z,13.8,10.2,12.2,23,3,5,285
MERCEDES-BENZ,AMG CLA 45 4MATIC,COMPACT,2,4,AM7,Z,10.3,7.9,9.2,31,5,3,217
MERCEDES-BENZ,AMG E 43 4MATIC,MID-SIZE,3,6,A9,Z,12.4,9.4,11.1,25,4,5,258
MERCEDES-BENZ,AMG E 63 S 4MATIC,MID-SIZE,4,8,A9,Z,15.5,10.6,13.3,21,3,5,313
MERCEDES-BENZ,AMG E 63 S 4MATIC WAGON,STATION WAGON - MID-SIZE,4,8,A9,Z,15.2,11,13.3,21,3,5,312
MERCEDES-BENZ,AMG G 63,SUV - STANDARD,5.5,8,A7,Z,19.9,15.5,17.9,16,1,3,419
MERCEDES-BENZ,AMG G 65,SUV - STANDARD,6,12,A7,Z,22.2,18,20.3,14,1,3,473
MERCEDES-BENZ,AMG GLA 45 4MATIC,STATION WAGON - MID-SIZE,2,4,AM7,Z,10.7,8.3,9.6,29,5,3,225
MERCEDES-BENZ,AMG GLC 43 4MATIC,SUV - SMALL,3,6,A9,Z,13.1,10.1,11.8,24,4,5,277
MERCEDES-BENZ,AMG GLC 43 4MATIC COUPE,SUV - SMALL,3,6,A9,Z,13,9.9,11.6,24,4,5,272
MERCEDES-BENZ,AMG GLE 43 4MATIC,SUV - STANDARD,3,6,A9,Z,13.5,10.3,12.1,23,4,3,282
MERCEDES-BENZ,AMG GLE 43 4MATIC COUPE,SUV - STANDARD,3,6,A9,Z,13.5,10.6,12.2,23,3,3,285
MERCEDES-BENZ,AMG GLE 63 S 4MATIC,SUV - STANDARD,5.5,8,A7,Z,17.2,13.4,15.5,18,2,3,364
MERCEDES-BENZ,AMG GLE 63 S 4MATIC COUPE,SUV - STANDARD,5.5,8,A7,Z,17.2,12.8,15.2,19,2,3,357
MERCEDES-BENZ,AMG GLS 63 4MATIC,SUV - STANDARD,5.5,8,A7,Z,17.6,13.3,15.7,18,2,3,367
MERCEDES-BENZ,AMG GT COUPE,TWO-SEATER,4,8,AM7,Z,14.5,10.8,12.8,22,3,5,302
MERCEDES-BENZ,AMG GT ROADSTER,TWO-SEATER,4,8,AM7,Z,14.7,11,13,22,3,5,304
MERCEDES-BENZ,AMG GT C COUPE,TWO-SEATER,4,8,AM7,Z,15.5,11.7,13.8,20,3,5,322
MERCEDES-BENZ,AMG GT C ROADSTER,TWO-SEATER,4,8,AM7,Z,15.5,11.7,13.8,20,3,5,322
MERCEDES-BENZ,AMG GT R COUPE,TWO-SEATER,4,8,AM7,Z,15.6,11.9,13.9,20,3,5,324
MERCEDES-BENZ,AMG GT S COUPE,TWO-SEATER,4,8,AM7,Z,14.5,10.8,12.8,22,3,5,302
MERCEDES-BENZ,AMG S 63 4MATIC,FULL-SIZE,4,8,A9,Z,14.1,8.9,11.8,24,4,5,275
MERCEDES-BENZ,AMG S 63 4MATIC CABRIOLET,SUBCOMPACT,4,8,A9,Z,15.8,9.8,13.1,22,3,5,306
MERCEDES-BENZ,AMG S 63 4MATIC COUPE,COMPACT,4,8,A9,Z,14,8.7,11.6,24,4,5,271
MERCEDES-BENZ,AMG S 65,FULL-SIZE,6,12,A7,Z,18.6,10.9,15.1,19,2,3,356
MERCEDES-BENZ,AMG SL 63,TWO-SEATER,5.5,8,A7,Z,14.7,9.5,12.4,23,3,1,291
MERCEDES-BENZ,AMG SL 65,TWO-SEATER,6,12,A7,Z,17.6,10.8,14.5,19,2,3,339
MERCEDES-BENZ,AMG SLC 43,TWO-SEATER,3,6,A9,Z,11.6,8.2,10.1,28,5,5,236
MERCEDES-BENZ,B 250,MID-SIZE,2,4,AM7,Z,9.8,6.8,8.4,34,6,5,196
MERCEDES-BENZ,B 250 4MATIC,MID-SIZE,2,4,AM7,Z,10.3,7.8,9.1,31,5,5,215
MERCEDES-BENZ,C 300 4MATIC,COMPACT,2,4,A9,Z,10.5,7.5,9.1,31,5,5,214
MERCEDES-BENZ,C 300 4MATIC CABRIOLET,SUBCOMPACT,2,4,A9,Z,10.8,8,9.6,29,5,5,224
MERCEDES-BENZ,C 300 4MATIC COUPE,SUBCOMPACT,2,4,A9,Z,10.5,7.8,9.3,30,5,5,218
MERCEDES-BENZ,C 300 4MATIC WAGON,STATION WAGON - MID-SIZE,2,4,A9,Z,10.7,8,9.5,30,5,5,222
MERCEDES-BENZ,CLA 250,COMPACT,2,4,AM7,Z,9.6,6.6,8.2,34,6,5,193
MERCEDES-BENZ,CLA 250 4MATIC,COMPACT,2,4,AM7,Z,9.9,7.3,8.7,32,6,5,204
MERCEDES-BENZ,E 300 4MATIC,MID-SIZE,2,4,A9,Z,11,8.1,9.7,29,5,5,227
MERCEDES-BENZ,E 400 4MATIC,MID-SIZE,3,6,A9,Z,11.8,8.7,10.4,27,4,5,246
MERCEDES-BENZ,E 400 4MATIC CABRIOLET,SUBCOMPACT,3,6,A9,Z,12,9.2,10.8,26,4,5,251
MERCEDES-BENZ,E 400 4MATIC COUPE,SUBCOMPACT,3,6,A9,Z,11.9,9,10.6,27,4,5,248
MERCEDES-BENZ,E 400 4MATIC WAGON,STATION WAGON - MID-SIZE,3,6,A9,Z,12.4,9.5,11.1,25,4,5,261
MERCEDES-BENZ,G 550,SUV - STANDARD,4,8,A7,Z,18.2,16.5,17.5,16,1,3,410
MERCEDES-BENZ,GLA 250 4MATIC,SUV - SMALL,2,4,AM7,Z,10.1,7.6,9,31,5,5,209
MERCEDES-BENZ,GLC 300 4MATIC,SUV - SMALL,2,4,A9,Z,11.1,8.6,10,28,5,5,240
MERCEDES-BENZ,GLC 300 4MATIC COUPE,SUV - SMALL,2,4,A9,Z,11,8.7,10,28,5,5,235
MERCEDES-BENZ,GLE 400 4MATIC,SUV - STANDARD,3,6,A9,Z,13.5,10.3,12.1,23,4,3,282
MERCEDES-BENZ,GLE 550 4MATIC,SUV - STANDARD,4.7,8,A9,Z,15.2,11.4,13.5,21,3,3,317
MERCEDES-BENZ,GLS 450 4MATIC,SUV - STANDARD,3,6,A9,Z,14.3,11.4,13,22,3,3,305
MERCEDES-BENZ,GLS 550 4MATIC,SUV - STANDARD,4.7,8,A9,Z,16.5,12.6,14.7,19,2,3,346
MERCEDES-BENZ,MAYBACH S 650,FULL-SIZE,6,12,A9,Z,18.4,11.1,15.1,19,2,3,355
MERCEDES-BENZ,METRIS CARGO,SPECIAL PURPOSE VEHICLE,2,4,A7,Z,11.5,9.8,10.7,26,4,5,251
MERCEDES-BENZ,METRIS PASSENGER,SPECIAL PURPOSE VEHICLE,2,4,A7,Z,12.3,10.3,11.4,25,4,5,268
MERCEDES-BENZ,S 450 4MATIC SWB,MID-SIZE,3,6,A9,Z,12.8,8.5,10.9,26,4,3,255
MERCEDES-BENZ,S 560 CABRIOLET,SUBCOMPACT,4,8,A9,Z,13.9,9.2,11.8,24,4,5,276
MERCEDES-BENZ,S 560 4MATIC,FULL-SIZE,4,8,A9,Z,13.5,8.6,11.3,25,4,5,265
MERCEDES-BENZ,S 560 4MATIC SWB,MID-SIZE,4,8,A9,Z,13.1,8.8,11.2,25,4,5,261
MERCEDES-BENZ,S 560 4MATIC COUPE,COMPACT,4,8,A9,Z,13.6,8.8,11.4,25,4,5,269
MERCEDES-BENZ,SL 450,TWO-SEATER,3,6,A9,Z,11.5,8.5,10.2,28,5,3,238
MERCEDES-BENZ,SL 550,TWO-SEATER,4.7,8,A9,Z,13.5,9.6,11.8,24,4,1,275
MERCEDES-BENZ,SLC 300,TWO-SEATER,2,4,A9,Z,9.6,7.4,8.6,33,6,3,202
MINI,COOPER 3 DOOR,SUBCOMPACT,1.5,3,AS6,Z,8.7,6.8,7.9,36,7,7,184
MINI,COOPER 3 DOOR,SUBCOMPACT,1.5,3,M6,Z,8.5,6.2,7.5,38,7,7,175
MINI,COOPER 5 DOOR,SUBCOMPACT,1.5,3,AS6,Z,8.7,6.8,7.9,36,7,7,184
MINI,COOPER 5 DOOR,SUBCOMPACT,1.5,3,M6,Z,8.4,6.3,7.4,38,7,7,174
MINI,COOPER CLUBMAN ALL4,MID-SIZE,1.5,3,AS8,Z,10.2,7.6,9,31,5,3,212
MINI,COOPER CLUBMAN ALL4,MID-SIZE,1.5,3,M6,Z,10.5,7.4,9.1,31,5,3,214
MINI,COOPER CONVERTIBLE,MINICOMPACT,1.5,3,AS6,Z,8.7,6.8,7.9,36,7,7,184
MINI,COOPER CONVERTIBLE,MINICOMPACT,1.5,3,M6,Z,8.4,6.3,7.4,38,7,7,174
MINI,COOPER COUNTRYMAN ALL4,STATION WAGON - SMALL,1.5,3,AS8,Z,10.3,7.9,9.2,31,5,3,215
MINI,COOPER COUNTRYMAN ALL4,STATION WAGON - SMALL,1.5,3,M6,Z,10.5,7.4,9.1,31,5,3,214
MINI,COOPER S 3 DOOR,SUBCOMPACT,2,4,AS6,Z,9.3,7.3,8.4,34,6,7,197
MINI,COOPER S 3 DOOR,SUBCOMPACT,2,4,M6,Z,10.3,7.4,9,31,5,7,210
MINI,COOPER S 5 DOOR,SUBCOMPACT,2,4,AS6,Z,9.3,7.3,8.4,34,6,7,197
MINI,COOPER S 5 DOOR,SUBCOMPACT,2,4,M6,Z,10.3,7.4,9,31,5,7,210
MINI,COOPER S CLUBMAN ALL4,MID-SIZE,2,4,AS8,Z,10.5,7.6,9.2,31,5,7,215
MINI,COOPER S CLUBMAN ALL4,MID-SIZE,2,4,M6,Z,11.4,7.8,9.7,29,5,7,227
MINI,COOPER S CONVERTIBLE,MINICOMPACT,2,4,AS6,Z,9.3,7.1,8.3,34,6,7,195
MINI,COOPER S CONVERTIBLE,MINICOMPACT,2,4,M6,Z,10.3,7.4,9,31,5,7,210
MINI,COOPER S COUNTRYMAN ALL4,MID-SIZE,2,4,AS8,Z,10.5,7.6,9.2,31,5,7,215
MINI,COOPER S COUNTRYMAN ALL4,MID-SIZE,2,4,M6,Z,11.3,7.7,9.7,29,5,7,227
MINI,JOHN COOPER WORKS,SUBCOMPACT,2,4,AS6,Z,9.3,7.3,8.4,34,6,3,197
MINI,JOHN COOPER WORKS,SUBCOMPACT,2,4,M6,Z,10.3,7.4,9,31,5,3,210
MINI,JOHN COOPER WORKS CLUBMAN ALL4,MID-SIZE,2,4,AS8,Z,10.2,7.5,9,31,5,3,211
MINI,JOHN COOPER WORKS CLUBMAN ALL4,MID-SIZE,2,4,M6,Z,11.4,7.6,9.7,29,5,3,228
MINI,JOHN COOPER WORKS CONVERTIBLE,MINICOMPACT,2,4,AS6,Z,9.8,7.3,8.7,32,6,3,203
MINI,JOHN COOPER WORKS CONVERTIBLE,MINICOMPACT,2,4,M6,Z,10.8,7.7,9.4,30,5,3,220
MINI,JOHN COOPER WORKS COUNTRYMAN ALL4,MID-SIZE,2,4,AS8,Z,10.6,7.8,9.3,30,5,3,220
MINI,JOHN COOPER WORKS COUNTRYMAN ALL4,MID-SIZE,2,4,M6,Z,11.5,8,9.9,29,5,3,232
MITSUBISHI,ECLIPSE CROSS,SUV - SMALL,1.5,4,AV8,X,9.4,8.4,8.9,32,6,5,208
MITSUBISHI,ECLIPSE CROSS 4WD,SUV - SMALL,1.5,4,AV8,X,9.6,8.9,9.3,30,5,5,216
MITSUBISHI,MIRAGE,COMPACT,1.2,3,AV,X,6.4,5.5,6,47,9,5,141
MITSUBISHI,MIRAGE,COMPACT,1.2,3,M5,X,7.1,5.8,6.5,43,8,5,150
MITSUBISHI,MIRAGE G4,COMPACT,1.2,3,AV,X,6.9,5.7,6.4,44,8,5,149
MITSUBISHI,MIRAGE G4,COMPACT,1.2,3,M5,X,7.2,5.9,6.6,43,8,5,155
MITSUBISHI,OUTLANDER 4WD,SUV - SMALL,2.4,4,AV6,X,9.9,8.1,9.1,31,5,5,212
MITSUBISHI,OUTLANDER 4WD,SUV - SMALL,3,6,AS6,Z,12,8.8,10.6,27,4,5,248
MITSUBISHI,RVR,SUV - SMALL,2,4,AV6,X,9.7,7.8,8.8,32,6,5,204
MITSUBISHI,RVR,SUV - SMALL,2,4,M5,X,10.3,8.2,9.3,30,5,5,216
MITSUBISHI,RVR 4WD,SUV - SMALL,2,4,AV6,X,10.1,8.2,9.2,31,5,5,213
MITSUBISHI,RVR 4WD,SUV - SMALL,2.4,4,AV6,X,10.3,8.3,9.4,30,5,5,219
NISSAN,370Z,TWO-SEATER,3.7,6,AS7,Z,12.6,9.3,11.1,25,4,3,261
NISSAN,370Z,TWO-SEATER,3.7,6,M6,Z,13.3,9.3,11.5,25,4,3,269
NISSAN,370Z ROADSTER,TWO-SEATER,3.7,6,AS7,Z,13,9.7,11.5,25,4,3,270
NISSAN,370Z ROADSTER,TWO-SEATER,3.7,6,M6,Z,13.6,9.7,11.8,24,4,3,278
NISSAN,ALTIMA,MID-SIZE,2.5,4,AV,X,8.7,6.3,7.6,37,7,7,179
NISSAN,ALTIMA SR,MID-SIZE,2.5,4,AV7,X,8.9,6.4,7.8,36,7,7,185
NISSAN,ALTIMA,MID-SIZE,3.5,6,AV7,X,10.6,7.3,9.1,31,5,3,214
NISSAN,ARMADA 4WD,SUV - STANDARD,5.6,8,AS7,X,17.5,12.8,15.4,18,2,3,362
NISSAN,FRONTIER,PICKUP TRUCK - SMALL,2.5,4,A5,X,13.6,10.7,12.3,23,3,3,290
NISSAN,FRONTIER,PICKUP TRUCK - SMALL,2.5,4,M5,X,12.2,10.4,11.4,25,4,3,268
NISSAN,FRONTIER,PICKUP TRUCK - SMALL,4,6,A5,X,14.7,10.4,12.8,22,3,3,300
NISSAN,FRONTIER 4WD,PICKUP TRUCK - SMALL,4,6,A5,X,15.8,11.5,13.9,20,3,3,326
NISSAN,FRONTIER 4WD,PICKUP TRUCK - SMALL,4,6,M6,X,15.1,11.5,13.5,21,3,3,317
NISSAN,GT-R,SUBCOMPACT,3.8,6,AM6,Z,14.5,10.7,12.8,22,3,3,300
NISSAN,KICKS,MID-SIZE,1.6,4,AV,X,7.7,6.6,7.2,39,8,7,169
NISSAN,MAXIMA,MID-SIZE,3.5,6,AV7,Z,11.1,7.8,9.6,29,5,3,227
NISSAN,MICRA,COMPACT,1.6,4,A4,X,9,6.8,8,35,6,3,188
NISSAN,MICRA,COMPACT,1.6,4,M5,X,8.7,6.8,7.9,36,7,3,186
NISSAN,MURANO,STATION WAGON - MID-SIZE,3.5,6,AV7,X,11,8.3,9.8,29,5,5,230
NISSAN,MURANO AWD,STATION WAGON - MID-SIZE,3.5,6,AV7,X,11.2,8.4,9.9,29,5,5,232
NISSAN,NV200 CARGO VAN,SPECIAL PURPOSE VEHICLE,2,4,AV,X,9.8,8.8,9.3,30,5,3,218
NISSAN,PATHFINDER,SUV - SMALL,3.5,6,AV,X,11.6,8.5,10.2,28,5,5,240
NISSAN,PATHFINDER 4WD,SUV - SMALL,3.5,6,AV,X,12.1,8.9,10.7,26,4,5,250
NISSAN,PATHFINDER 4WD PLATINUM,SUV - SMALL,3.5,6,AV,X,12.4,9.2,11,26,4,3,259
NISSAN,QASHQAI,STATION WAGON - SMALL,2,4,AV,X,8.8,7.3,8.1,35,6,5,191
NISSAN,QASHQAI,STATION WAGON - SMALL,2,4,M6,X,10,8.1,9.2,31,5,5,216
NISSAN,QASHQAI AWD,STATION WAGON - SMALL,2,4,AV,X,9,7.5,8.4,34,6,5,196
NISSAN,ROGUE,SUV - SMALL,2.5,4,AV,X,9.2,7,8.2,34,6,5,192
NISSAN,ROGUE AWD,SUV - SMALL,2.5,4,AV,X,9.7,7.4,8.7,32,6,5,205
NISSAN,SENTRA,MID-SIZE,1.8,4,AV,X,8.1,6.3,7.3,39,7,7,172
NISSAN,SENTRA,MID-SIZE,1.8,4,M6,X,8.9,6.8,8,35,7,1,187
NISSAN,SENTRA (Turbo),MID-SIZE,1.6,4,AV7,Z,8.9,7.3,8.2,34,6,3,193
NISSAN,SENTRA (Turbo),MID-SIZE,1.6,4,M6,Z,9.1,7.3,8.3,34,6,3,195
NISSAN,SENTRA NISMO,MID-SIZE,1.6,4,AV7,Z,9.4,7.8,8.7,32,6,3,205
NISSAN,SENTRA NISMO,MID-SIZE,1.6,4,M6,Z,9.5,7.6,8.7,32,6,3,204
NISSAN,TITAN,PICKUP TRUCK - STANDARD,5.6,8,AS7,X,15,11.2,13.3,21,3,3,312
NISSAN,TITAN 4WD,PICKUP TRUCK - STANDARD,5.6,8,AS7,X,15.2,11.1,13.4,21,3,3,315
NISSAN,TITAN 4WD PRO-4X,PICKUP TRUCK - STANDARD,5.6,8,AS7,X,15.9,11.9,14.1,20,3,3,331
NISSAN,VERSA,MID-SIZE,1.6,4,AV,X,7.6,6.2,7,40,8,5,164
NISSAN,VERSA,MID-SIZE,1.6,4,M5,X,8.6,6.6,7.7,37,7,5,180
PORSCHE,911 CARRERA,MINICOMPACT,3,6,AM7,Z,10.6,8,9.4,30,5,1,221
PORSCHE,911 CARRERA,MINICOMPACT,3,6,M7,Z,11.8,8.1,10.1,28,5,1,237
PORSCHE,911 CARRERA CABRIOLET,MINICOMPACT,3,6,AM7,Z,10.8,8.3,9.7,29,5,1,227
PORSCHE,911 CARRERA CABRIOLET,MINICOMPACT,3,6,M7,Z,12,8.2,10.3,27,5,1,241
PORSCHE,911 CARRERA GTS,MINICOMPACT,3,6,AM7,Z,11.5,9.1,10.4,27,5,1,243
PORSCHE,911 CARRERA GTS,MINICOMPACT,3,6,M7,Z,13,8.9,11.1,25,4,1,260
PORSCHE,911 CARRERA GTS CABRIOLET,MINICOMPACT,3,6,AM7,Z,11.8,9.2,10.6,27,4,1,249
PORSCHE,911 CARRERA GTS CABRIOLET,MINICOMPACT,3,6,M7,Z,12.7,9,11,26,4,1,258
PORSCHE,911 CARRERA S,MINICOMPACT,3,6,AM7,Z,10.8,8.3,9.7,29,5,1,226
PORSCHE,911 CARRERA S,MINICOMPACT,3,6,M7,Z,12.1,8.3,10.4,27,5,1,242
PORSCHE,911 CARRERA S CABRIOLET,MINICOMPACT,3,6,AM7,Z,10.8,8.4,9.7,29,5,1,228
PORSCHE,911 CARRERA S CABRIOLET,MINICOMPACT,3,6,M7,Z,12.1,8.3,10.4,27,5,1,243
PORSCHE,911 CARRERA 4,MINICOMPACT,3,6,AM7,Z,10.7,8.3,9.6,29,5,1,225
PORSCHE,911 CARRERA 4,MINICOMPACT,3,6,M7,Z,12.1,8.3,10.4,27,5,1,242
PORSCHE,911 CARRERA 4 CABRIOLET,MINICOMPACT,3,6,AM7,Z,11,8.4,9.8,29,5,1,230
PORSCHE,911 CARRERA 4 CABRIOLET,MINICOMPACT,3,6,M7,Z,12.2,8.5,10.5,27,5,1,246
PORSCHE,911 CARRERA 4 GTS,MINICOMPACT,3,6,AM7,Z,11.8,9.2,10.6,27,4,1,248
PORSCHE,911 CARRERA 4 GTS,MINICOMPACT,3,6,M7,Z,12.8,8.9,11,26,4,1,257
PORSCHE,911 CARRERA 4 GTS CABRIOLET,MINICOMPACT,3,6,AM7,Z,11.9,9.3,10.7,26,4,1,250
PORSCHE,911 CARRERA 4 GTS CABRIOLET,MINICOMPACT,3,6,M7,Z,12.9,9.1,11.1,25,4,1,260
PORSCHE,911 CARRERA 4S,MINICOMPACT,3,6,AM7,Z,11,8.5,9.9,29,5,1,232
PORSCHE,911 CARRERA 4S,MINICOMPACT,3,6,M7,Z,12.1,8.4,10.4,27,5,1,243
PORSCHE,911 CARRERA 4S CABRIOLET,MINICOMPACT,3,6,AM7,Z,10.9,8.5,9.9,29,5,1,231
PORSCHE,911 CARRERA 4S CABRIOLET,MINICOMPACT,3,6,M7,Z,12.2,8.5,10.5,27,4,1,246
PORSCHE,911 GT3,TWO-SEATER,4,6,AM7,Z,15.8,11.6,13.9,20,3,1,324
PORSCHE,911 GT3,TWO-SEATER,4,6,M6,Z,18,11.5,15.1,19,2,1,352
PORSCHE,911 TARGA 4,MINICOMPACT,3,6,AM7,Z,10.9,8.4,9.8,29,5,1,228
PORSCHE,911 TARGA 4,MINICOMPACT,3,6,M7,Z,12.2,8.5,10.5,27,5,1,246
PORSCHE,911 TARGA 4 GTS,MINICOMPACT,3,6,AM7,Z,12.1,9.2,10.8,26,4,1,251
PORSCHE,911 TARGA 4 GTS,MINICOMPACT,3,6,M7,Z,13.2,9.2,11.4,25,4,1,266
PORSCHE,911 TARGA 4S,MINICOMPACT,3,6,AM7,Z,11.1,8.6,10,28,5,1,233
PORSCHE,911 TARGA 4S,MINICOMPACT,3,6,M7,Z,12.2,8.5,10.5,27,4,1,246
PORSCHE,911 TURBO,MINICOMPACT,3.8,6,AM7,Z,12.6,9.9,11.4,25,4,1,266
PORSCHE,911 TURBO CABRIOLET,MINICOMPACT,3.8,6,AM7,Z,12.6,9.9,11.4,25,4,1,267
PORSCHE,911 TURBO S,MINICOMPACT,3.8,6,AM7,Z,12.6,9.9,11.4,25,4,1,266
PORSCHE,911 TURBO S CABRIOLET,MINICOMPACT,3.8,6,AM7,Z,12.6,9.9,11.4,25,4,1,267
PORSCHE,911 TURBO S EXCLUSIVE,MINICOMPACT,3.8,6,AM7,Z,13.8,10.3,12.3,23,3,1,285
PORSCHE,BOXSTER,TWO-SEATER,2,4,AM7,Z,10.5,8,9.4,30,5,1,219
PORSCHE,BOXSTER,TWO-SEATER,2,4,M6,Z,11,8.3,9.8,29,5,1,229
PORSCHE,BOXSTER GTS,TWO-SEATER,2.5,4,AM7,Z,11.8,9.2,10.6,27,4,1,249
PORSCHE,BOXSTER GTS,TWO-SEATER,2.5,4,M6,Z,12.3,9.4,11,26,4,1,257
PORSCHE,BOXSTER S,TWO-SEATER,2.5,4,AM7,Z,11,8.4,9.9,29,5,1,230
PORSCHE,BOXSTER S,TWO-SEATER,2.5,4,M6,Z,12.1,9,10.7,26,4,1,249
PORSCHE,CAYENNE,SUV - STANDARD,3.6,6,A8,Z,12.9,9.7,11.5,25,4,1,268
PORSCHE,CAYENNE GTS,SUV - STANDARD,3.6,6,A8,Z,14.5,10.4,12.6,22,3,1,296
PORSCHE,CAYENNE PLATINUM,SUV - STANDARD,3.6,6,A8,Z,13.6,10.2,12.1,23,4,1,281
PORSCHE,CAYENNE S,SUV - STANDARD,3.6,6,A8,Z,13.9,9.6,12,24,4,1,281
PORSCHE,CAYENNE TURBO,SUV - STANDARD,4.8,8,A8,Z,16.7,11.2,14.3,20,3,1,334
PORSCHE,CAYENNE TURBO S,SUV - STANDARD,4.8,8,A8,Z,16.7,11.2,14.3,20,3,1,334
PORSCHE,CAYMAN,TWO-SEATER,2,4,AM7,Z,10.5,8,9.4,30,5,1,219
PORSCHE,CAYMAN,TWO-SEATER,2,4,M6,Z,11,8.3,9.8,29,5,1,229
PORSCHE,CAYMAN GTS,TWO-SEATER,2.5,4,AM7,Z,11.8,9.2,10.6,27,4,1,249
PORSCHE,CAYMAN GTS,TWO-SEATER,2.5,4,M6,Z,12.3,9.4,11,26,4,1,257
PORSCHE,CAYMAN S,TWO-SEATER,2.5,4,AM7,Z,11,8.4,9.9,29,5,1,230
PORSCHE,CAYMAN S,TWO-SEATER,2.5,4,M6,Z,12.1,9,10.7,26,4,1,249
PORSCHE,MACAN,SUV - SMALL,2,4,A7,Z,11.6,9.3,10.6,27,4,1,248
PORSCHE,MACAN GTS,SUV - SMALL,3,6,A7,Z,13.8,10.3,12.3,23,3,1,287
PORSCHE,MACAN S,SUV - SMALL,3,6,A7,Z,13.7,10.3,12.2,23,3,1,285
PORSCHE,MACAN TURBO,SUV - SMALL,3.6,6,A7,Z,14.2,10.1,12.3,23,3,1,287
PORSCHE,MACAN TURBO KIT,SUV - SMALL,3.6,6,A7,Z,14.1,10.1,12.3,23,3,1,286
PORSCHE,PANAMERA,FULL-SIZE,3,6,AM8,Z,11,8.3,9.8,29,5,1,229
PORSCHE,PANAMERA 4,FULL-SIZE,3,6,AM8,Z,11.3,8.6,10.1,28,5,1,235
PORSCHE,PANAMERA 4 EXECUTIVE,FULL-SIZE,3,6,AM8,Z,11.3,8.6,10.1,28,5,1,235
PORSCHE,PANAMERA 4 ST,FULL-SIZE,3,6,AM8,Z,11.5,9,10.4,27,5,1,242
PORSCHE,PANAMERA 4S,FULL-SIZE,2.9,6,AM8,Z,11.3,8.5,10.1,28,5,1,235
PORSCHE,PANAMERA 4S EXECUTIVE,FULL-SIZE,2.9,6,AM8,Z,11.3,8.5,10.1,28,5,1,235
PORSCHE,PANAMERA 4S ST,FULL-SIZE,2.9,6,AM8,Z,12.1,9,10.7,26,4,1,249
PORSCHE,PANAMERA TURBO,FULL-SIZE,4,8,AM8,Z,12.8,9.2,11.2,25,4,1,261
PORSCHE,PANAMERA TURBO EXECUTIVE,FULL-SIZE,4,8,AM8,Z,12.8,9.2,11.2,25,4,1,261
PORSCHE,PANAMERA TURBO ST,FULL-SIZE,4,8,AM8,Z,13.4,10.1,11.9,24,4,1,279
RAM,1500 FFV,PICKUP TRUCK - STANDARD,3.6,6,A8,X,13.9,9.6,11.9,24,4,3,280
RAM,1500 FFV,PICKUP TRUCK - STANDARD,3.6,6,A8,E,19.7,13.8,17,17,4,3,283
RAM,1500,PICKUP TRUCK - STANDARD,5.7,8,A6,X,17,12,14.8,19,2,3,346
RAM,1500,PICKUP TRUCK - STANDARD,5.7,8,A8,X,15.7,11,13.6,21,3,3,319
RAM,1500 ECODIESEL,PICKUP TRUCK - STANDARD,3,6,A8,D,11.8,8.6,10.4,27,4,1,278
RAM,1500 4X4 FFV,PICKUP TRUCK - STANDARD,3.6,6,A8,X,14.5,10.2,12.6,22,3,3,294
RAM,1500 4X4 FFV,PICKUP TRUCK - STANDARD,3.6,6,A8,E,20.7,14.7,18,16,3,3,300
RAM,1500 4X4,PICKUP TRUCK - STANDARD,5.7,8,A6,X,18.7,13.3,16.3,17,1,3,382
RAM,1500 4X4,PICKUP TRUCK - STANDARD,5.7,8,A8,X,16.1,11.5,14,20,3,3,328
RAM,1500 4X4 ECODIESEL,PICKUP TRUCK - STANDARD,3,6,A8,D,12.3,8.8,10.8,26,3,1,289
RAM,PROMASTER CITY,SPECIAL PURPOSE VEHICLE,2.4,4,A9,X,11.2,8.3,9.9,29,5,3,232
ROLLS-ROYCE,DAWN,COMPACT,6.6,12,AS8,Z,20.3,13,17,17,1,3,397
ROLLS-ROYCE,GHOST,FULL-SIZE,6.6,12,AS8,Z,20.3,13,17,17,1,3,397
ROLLS-ROYCE,GHOST EWB,FULL-SIZE,6.6,12,AS8,Z,20.3,13,17,17,1,3,397
ROLLS-ROYCE,PHANTOM,FULL-SIZE,6.7,12,AS8,Z,20,12.4,16.6,17,1,3,387
ROLLS-ROYCE,PHANTOM EWB,FULL-SIZE,6.7,12,AS8,Z,20,12.4,16.6,17,1,3,387
ROLLS-ROYCE,WRAITH,MID-SIZE,6.6,12,AS8,Z,19.6,12.9,16.6,17,1,3,388
SUBARU,BRZ,MINICOMPACT,2,4,AS6,Z,9.7,7.2,8.6,33,6,1,200
SUBARU,BRZ,MINICOMPACT,2,4,M6,Z,11.2,8.1,9.8,29,5,1,229
SUBARU,BRZ tS,MINICOMPACT,2,4,M6,Z,11.6,8.6,10.2,28,5,1,239
SUBARU,CROSSTREK AWD,SUV - SMALL,2,4,AV7,X,8.8,7.2,8.1,35,6,6,188
SUBARU,CROSSTREK AWD,SUV - SMALL,2,4,M6,X,10.5,8.1,9.4,30,5,6,220
SUBARU,FORESTER AWD,SUV - SMALL,2,4,AV8,Z,10.2,8.6,9.5,30,5,1,223
SUBARU,FORESTER AWD,SUV - SMALL,2.5,4,AV6,X,9.2,7.4,8.4,34,6,5,196
SUBARU,FORESTER AWD,SUV - SMALL,2.5,4,M6,X,10.9,8.3,9.7,29,5,5,228
SUBARU,IMPREZA 4-DOOR AWD,MID-SIZE,2,4,AV7,X,8.3,6.4,7.5,38,7,6,174
SUBARU,IMPREZA 4-DOOR AWD,MID-SIZE,2,4,M5,X,10,7.5,8.9,32,6,6,208
SUBARU,IMPREZA 5-DOOR AWD,STATION WAGON - SMALL,2,4,AV7,X,8.4,6.5,7.5,38,7,6,176
SUBARU,IMPREZA 5-DOOR AWD,STATION WAGON - SMALL,2,4,M5,X,10.1,7.7,9,31,5,6,211
SUBARU,LEGACY AWD,MID-SIZE,2.5,4,AV7,X,9.3,7,8.3,34,6,5,193
SUBARU,LEGACY AWD,MID-SIZE,3.6,6,AV6,X,11.9,8.3,10.3,27,5,3,241
SUBARU,OUTBACK AWD,SUV - SMALL,2.5,4,AV7,X,9.4,7.3,8.5,33,6,5,198
SUBARU,OUTBACK AWD,SUV - SMALL,3.6,6,AV6,X,12,8.7,10.5,27,4,3,247
SUBARU,WRX AWD,COMPACT,2,4,AV8,Z,12.6,9.6,11.2,25,4,1,256
SUBARU,WRX AWD,COMPACT,2,4,M6,Z,11.3,8.5,10,28,5,1,235
SUBARU,WRX STI AWD,COMPACT,2.5,4,M6,Z,14.1,10.5,12.5,23,3,1,291
SUBARU,WRX STI AWD TYPE RA,COMPACT,2.5,4,M6,Z,14.3,10.9,12.8,22,3,1,296
TOYOTA,4RUNNER 4WD,SUV - STANDARD,4,6,AS5,X,14.3,11.9,13.2,21,3,3,308
TOYOTA,4RUNNER 4WD (Part-Time 4WD),SUV - STANDARD,4,6,AS5,X,14.3,11.9,13.2,21,3,3,308
TOYOTA,86,MINICOMPACT,2,4,AS6,Z,9.9,7.3,8.7,32,6,1,204
TOYOTA,86,MINICOMPACT,2,4,M6,Z,11.3,8.3,9.9,29,5,1,232
TOYOTA,AVALON,MID-SIZE,3.5,6,AS6,X,11.4,7.7,9.7,29,5,3,226
TOYOTA,CAMRY,MID-SIZE,2.5,4,AS8,X,8.1,5.7,6.9,41,8,7,164
TOYOTA,CAMRY LE/SE,MID-SIZE,2.5,4,AS8,X,8.4,6,7.3,39,7,7,172
TOYOTA,CAMRY XLE/XSE,MID-SIZE,2.5,4,AS8,X,8.5,6.1,7.4,38,7,7,173
TOYOTA,CAMRY,MID-SIZE,3.5,6,AS8,X,10.5,7.1,9,31,5,5,210
TOYOTA,CAMRY XSE,MID-SIZE,3.5,6,AS8,X,10.7,7.4,9.2,31,5,5,215
TOYOTA,CAMRY HYBRID LE,MID-SIZE,2.5,4,AV6,X,4.9,4.8,4.9,58,10,7,113
TOYOTA,CAMRY HYBRID XLE/SE,MID-SIZE,2.5,4,AV6,X,5.3,5,5.1,55,10,7,121
TOYOTA,C-HR,COMPACT,2,4,AV7,X,8.7,7.5,8.2,34,6,3,189
TOYOTA,COROLLA,MID-SIZE,1.8,4,AV,X,8.3,6.5,7.5,38,7,3,174
TOYOTA,COROLLA,MID-SIZE,1.8,4,AV7,X,8.3,6.7,7.5,38,7,3,178
TOYOTA,COROLLA,MID-SIZE,1.8,4,M6,X,8.5,6.6,7.6,37,7,3,178
TOYOTA,COROLLA LE ECO (1-mode),MID-SIZE,1.8,4,AV,X,7.8,5.9,6.9,41,8,5,163
TOYOTA,COROLLA LE ECO (2-mode),MID-SIZE,1.8,4,AV,X,8,6.3,7.2,39,8,5,168
TOYOTA,COROLLA iM,MID-SIZE,1.8,4,AV7,X,8.3,6.5,7.5,38,7,5,176
TOYOTA,COROLLA iM,MID-SIZE,1.8,4,M6,X,8.8,6.8,7.9,36,7,5,185
TOYOTA,HIGHLANDER,SUV - SMALL,3.5,6,AS8,X,11.8,8.7,10.3,27,5,5,243
TOYOTA,HIGHLANDER AWD,SUV - STANDARD,3.5,6,AS8,X,12.1,9,10.6,27,4,5,251
TOYOTA,HIGHLANDER AWD (Start/Stop System),SUV - STANDARD,3.5,6,AS8,X,12,8.9,10.6,27,4,5,247
TOYOTA,HIGHLANDER AWD LE,SUV - STANDARD,3.5,6,AS8,X,11.7,8.8,10.4,27,5,5,242
TOYOTA,HIGHLANDER HYBRID AWD,SUV - STANDARD,3.5,6,AV6,X,8.1,8.5,8.3,34,6,7,193
TOYOTA,PRIUS,MID-SIZE,1.8,4,AV,X,4.3,4.6,4.5,63,10,7,105
TOYOTA,PRIUS c,COMPACT,1.5,4,AV,X,4.9,5.5,5.1,55,10,7,120
TOYOTA,PRIUS v,STATION WAGON - MID-SIZE,1.8,4,AV,X,5.5,6,5.8,49,9,7,135
TOYOTA,RAV4 LE/XLE,SUV - SMALL,2.5,4,AS6,X,10,7.8,9,31,5,3,210
TOYOTA,RAV4 AWD,SUV - SMALL,2.5,4,AS6,X,10.5,8.3,9.5,30,5,3,222
TOYOTA,RAV4 LIMITED/SE AWD,SUV - SMALL,2.5,4,AS6,X,10.7,8.4,9.7,29,5,3,226
TOYOTA,RAV4 HYBRID AWD,SUV - SMALL,2.5,4,AV6,X,6.9,7.8,7.3,39,7,7,171
TOYOTA,SEQUOIA 4WD,SUV - STANDARD,5.7,8,AS6,X,18.4,13.8,16.4,17,1,5,384
TOYOTA,SIENNA,MINIVAN,3.5,6,AS8,X,12.5,8.9,10.9,26,4,5,256
TOYOTA,SIENNA AWD,MINIVAN,3.5,6,AS8,X,13.4,9.6,11.7,24,4,5,274
TOYOTA,TACOMA,PICKUP TRUCK - SMALL,2.7,4,AS6,X,12.1,10.1,11.2,25,4,5,263
TOYOTA,TACOMA,PICKUP TRUCK - SMALL,3.5,6,AS6,X,12.6,10,11.4,25,4,5,268
TOYOTA,TACOMA 4WD,PICKUP TRUCK - SMALL,2.7,4,AS6,X,12.7,10.6,11.7,24,4,5,274
TOYOTA,TACOMA 4WD,PICKUP TRUCK - SMALL,3.5,6,AS6,X,13.2,10.7,12.1,23,4,5,283
TOYOTA,TACOMA 4WD,PICKUP TRUCK - SMALL,3.5,6,M6,X,13.8,11.4,12.7,22,3,5,299
TOYOTA,TACOMA 4WD D-CAB OFF-ROAD,PICKUP TRUCK - SMALL,3.5,6,M6,X,13.8,11.7,12.9,22,3,5,300
TOYOTA,TUNDRA,PICKUP TRUCK - STANDARD,5.7,8,AS6,X,17.7,13.6,15.9,18,2,5,371
TOYOTA,TUNDRA 4WD,PICKUP TRUCK - STANDARD,4.6,8,AS6,X,16.8,13.1,14.9,19,2,3,354
TOYOTA,TUNDRA 4WD,PICKUP TRUCK - STANDARD,5.7,8,AS6,X,18,14.2,16.3,17,1,5,383
TOYOTA,YARIS,COMPACT,1.5,4,AS6,X,7.3,5.8,6.6,43,8,3,155
TOYOTA,YARIS (SIL),COMPACT,1.5,4,M6,X,7.8,6,6.8,42,8,3,164
TOYOTA,YARIS HATCHBACK,COMPACT,1.5,4,A4,X,7.9,6.8,7.4,38,7,3,173
TOYOTA,YARIS HATCHBACK,COMPACT,1.5,4,M5,X,7.8,6.5,7.2,39,8,3,168
VOLKSWAGEN,ATLAS,SUV - SMALL,2,4,AS8,X,10.8,8.9,10,28,5,3,233
VOLKSWAGEN,ATLAS 4MOTION,SUV - SMALL,3.6,6,AS8,X,13.7,10.1,12.1,23,4,5,282
VOLKSWAGEN,BEETLE,COMPACT,2,4,AS6,X,9,7.2,8.2,34,6,7,191
VOLKSWAGEN,BEETLE CONVERTIBLE,SUBCOMPACT,2,4,AS6,X,9,7.2,8.2,34,6,7,191
VOLKSWAGEN,BEETLE DUNE,COMPACT,2,4,AS6,X,9.1,6.9,8.1,35,6,7,189
VOLKSWAGEN,BEETLE DUNE CONVERTIBLE,SUBCOMPACT,2,4,AS6,X,9.1,6.9,8.1,35,6,7,189
VOLKSWAGEN,GOLF,COMPACT,1.8,4,AS6,X,9.6,7.2,8.5,33,6,7,199
VOLKSWAGEN,GOLF,COMPACT,1.8,4,M5,X,9.3,6.9,8.2,34,6,7,192
VOLKSWAGEN,GOLF GTI,COMPACT,2,4,AM6,X,9.6,7.3,8.6,33,6,7,200
VOLKSWAGEN,GOLF GTI,COMPACT,2,4,M6,X,9.6,7.2,8.5,33,6,7,199
VOLKSWAGEN,GOLF R,COMPACT,2,4,AM7,Z,10.6,8,9.4,30,5,3,220
VOLKSWAGEN,GOLF R,COMPACT,2,4,M6,Z,11.1,8.1,9.8,29,5,3,227
VOLKSWAGEN,GOLF ALLTRACK,STATION WAGON - SMALL,1.8,4,AM6,X,10.7,8,9.4,30,5,7,220
VOLKSWAGEN,GOLF ALLTRACK,STATION WAGON - SMALL,1.8,4,M6,X,11.1,7.8,9.6,29,5,7,225
VOLKSWAGEN,GOLF SPORTWAGEN,STATION WAGON - SMALL,1.8,4,AS6,X,9.6,7.2,8.5,33,6,7,199
VOLKSWAGEN,GOLF SPORTWAGEN,STATION WAGON - SMALL,1.8,4,M5,X,9.4,6.9,8.2,34,6,7,192
VOLKSWAGEN,GOLF SPORTWAGEN 4MOTION,STATION WAGON - SMALL,1.8,4,AM6,X,10.8,8.1,9.6,29,5,7,224
VOLKSWAGEN,GOLF SPORTWAGEN 4MOTION,STATION WAGON - SMALL,1.8,4,M6,X,10.8,7.6,9.3,30,5,7,218
VOLKSWAGEN,PASSAT,MID-SIZE,2,4,AS6,X,9.3,6.5,8.1,35,6,7,188
VOLKSWAGEN,PASSAT,MID-SIZE,3.6,6,AM6,X,12.2,8.5,10.6,27,4,3,246
VOLKSWAGEN,TIGUAN,SUV - SMALL,2,4,AS8,X,10.6,8.7,9.8,29,5,7,229
VOLKSWAGEN,TIGUAN 4MOTION,SUV - SMALL,2,4,AS8,X,11.3,8.8,10.2,28,5,7,237
VOLVO,S60 T5 AWD,COMPACT,2,4,AS8,X,11,8.1,9.7,29,5,3,226
VOLVO,S60 T6 AWD,COMPACT,2,4,AS8,Z,10.9,7.7,9.4,30,5,3,221
VOLVO,S60 POLESTAR,COMPACT,2,4,AS8,Z,11.8,8.5,10.3,27,5,1,241
VOLVO,S60 CC T5 AWD,COMPACT,2,4,AS8,X,10.8,7.8,9.4,30,5,3,220
VOLVO,S90 T5 AWD,MID-SIZE,2,4,AS8,Z,10.1,7.4,8.8,32,6,5,206
VOLVO,S90 T6 AWD,MID-SIZE,2,4,AS8,Z,10.6,7.6,9.3,30,5,5,216
VOLVO,V60 T5 AWD,STATION WAGON - SMALL,2,4,AS8,X,11,8.1,9.7,29,5,3,226
VOLVO,V60 T6 AWD,STATION WAGON - SMALL,2,4,AS8,Z,10.9,7.7,9.4,30,5,3,221
VOLVO,V60 POLESTAR,STATION WAGON - SMALL,2,4,AS8,Z,11.8,8.5,10.3,27,5,1,241
VOLVO,V60 CC T5 AWD,STATION WAGON - SMALL,2,4,AS8,X,10.8,7.8,9.4,30,5,3,220
VOLVO,V90 T6 AWD,STATION WAGON - MID-SIZE,2,4,AS8,Z,10.6,7.6,9.3,30,5,5,216
VOLVO,V90 CC T5 AWD,STATION WAGON - MID-SIZE,2,4,AS8,Z,10.4,7.7,9.2,31,5,5,214
VOLVO,V90 CC T6 AWD,STATION WAGON - MID-SIZE,2,4,AS8,Z,10.9,8,9.6,29,5,5,224
VOLVO,XC60 T5 AWD,SUV - SMALL,2,4,AS8,Z,10.7,8.5,9.8,29,5,5,228
VOLVO,XC60 T6 AWD,SUV - SMALL,2,4,AS8,Z,11.4,8.7,10.2,28,5,5,240
VOLVO,XC90 T5 AWD,SUV - STANDARD,2,4,AS8,Z,10.9,8.3,9.7,29,5,5,227
VOLVO,XC90 T6 AWD,SUV - STANDARD,2,4,AS8,Z,11.5,8.8,10.3,27,5,5,240
,,,,,,,,,,,,,
,,,,,,,,,,,,,
,,,,,,,,,,,,,
,,,,,,,,,,,,,
4WD/4X4 = Four-wheel drive,,,,,,,,,,,,,
AWD = All-wheel drive,,,,,,,,,,,,,
FFV = Flexible-fuel vehicle,,,,,,,,,,,,,
SWB = Short wheelbase,,,,,,,,,,,,,
LWB = Long wheelbase,,,,,,,,,,,,,
EWB = Extended wheelbase,,,,,,,,,,,,,
A = Automatic,,,,,,,,,,,,,
AM = Automated manual,,,,,,,,,,,,,
AS = Automatic with select shift,,,,,,,,,,,,,
AV = Continuously variable,,,,,,,,,,,,,
M = Manual,,,,,,,,,,,,,
3  10 = Number of gears,,,,,,,,,,,,,
X = Regular gasoline,,,,,,,,,,,,,
Z = Premium gasoline,,,,,,,,,,,,,
D = Diesel,,,,,,,,,,,,,
E = Ethanol (E85),,,,,,,,,,,,,
N = Natural gas,,,,,,,,,,,,,
"City and highway fuel consumption ratings are shown in litres per 100 kilometres (L/100 km) - the combined rating (55% city, 45% hwy) is shown in L/100 km and in miles per imperial gallon (mpg)",,,,,,,,,,,,,
the tailpipe emissions of carbon dioxide (in grams per kilometre) for combined city and highway driving,,,,,,,,,,,,,
the tailpipe emissions of carbon dioxide rated on a scale from 1 (worst) to 10 (best),,,,,,,,,,,,,
the tailpipe emissions of smog-forming pollutants rated on a scale from 1 (worst) to 10 (best),,,,,,,,,,,,,
