MAKE,MODEL,VEHICLE CLASS,ENGINE SIZE,CYLINDERS (L),TRANSMISSION,FUEL TYPE,FUEL CONS: CITY (L/100 km),FUEL CONS: HWY (L/100 km),CO2 RATING,SMOG RATING,CO2 EMISSIONS(g/km) 
ACURA,ILX,COMPACT,2.4,4.0,AM8,Z,9.4,6.8,6.0,3.0,192.0
ACURA,MDX SH-AWD,SUV - SMALL,3.5,6.0,AS9,Z,12.6,9.0,4.0,3.0,259.0
ACURA,MDX SH-AWD ELITE,SUV - SMALL,3.5,6.0,AS9,Z,12.2,9.0,4.0,3.0,251.0
ACURA,MDX HYBRID AWD,SUV - SMALL,3.0,6.0,AM7,Z,9.1,9.0,5.0,3.0,210.0
ACURA,NSX,TWO-SEATER,3.5,6.0,AM9,Z,11.1,10.8,4.0,3.0,261.0
ACURA,RDX AWD,SUV - SMALL,3.5,6.0,AS6,Z,12.4,8.7,4.0,3.0,250.0
ACURA,RLX HYBRID,MID-SIZE,3.5,6.0,AM7,Z,8.4,8.2,6.0,7.0,196.0
ACURA,TLX,COMPACT,2.4,4.0,AM8,Z,10.0,7.1,6.0,3.0,205.0
ACURA,TLX A-SPEC,COMPACT,2.4,4.0,AM8,Z,10.2,7.4,5.0,3.0,209.0
ACURA,TLX SH-AWD,COMPACT,3.5,6.0,AS9,Z,11.4,7.7,5.0,3.0,228.0
ACURA,TLX SH-AWD A-SPEC,COMPACT,3.5,6.0,AS9,Z,12.0,8.2,5.0,3.0,240.0
ALFA ROMEO,4C COUPE,TWO-SEATER,1.8,4.0,AM6,Z,9.7,6.9,6.0,1.0,197.0
ALFA ROMEO,4C SPIDER,TWO-SEATER,1.8,4.0,AM6,Z,9.7,6.9,6.0,1.0,197.0
ALFA ROMEO,GIULIA,MID-SIZE,2.0,4.0,A8,Z,10.0,7.2,6.0,3.0,205.0
ALFA ROMEO,GIULIA AWD,MID-SIZE,2.0,4.0,A8,Z,10.5,7.7,5.0,3.0,217.0
ALFA ROMEO,GIULIA QUADRIFOGLIO,MID-SIZE,2.9,6.0,A8,Z,13.8,9.6,4.0,3.0,280.0
ALFA ROMEO,STELVIO AWD,SUV - SMALL,2.0,4.0,A8,Z,10.8,8.3,5.0,3.0,226.0
ALFA ROMEO,STELVIO QUADRIFOGLIO,SUV - SMALL,2.9,6.0,A8,Z,14.1,10.4,3.0,3.0,292.0
ASTON MARTIN,DB11 V8,MINICOMPACT,4.0,8.0,A8,Z,13.0,9.8,4.0,3.0,271.0
ASTON MARTIN,DB11 V12,MINICOMPACT,5.2,12.0,A8,Z,15.5,11.4,3.0,3.0,322.0
ASTON MARTIN,RAPIDE S,SUBCOMPACT,6.0,12.0,A8,Z,16.7,10.9,3.0,3.0,332.0
ASTON MARTIN,VANQUISH,MINICOMPACT,6.0,12.0,A8,Z,17.5,11.4,2.0,3.0,346.0
AUDI,A3,SUBCOMPACT,2.0,4.0,AM7,X,9.1,6.8,6.0,7.0,188.0
AUDI,A3 QUATTRO,SUBCOMPACT,2.0,4.0,AM6,X,9.7,7.5,6.0,7.0,205.0
AUDI,A3 CABRIOLET QUATTRO,SUBCOMPACT,2.0,4.0,AM6,X,10.8,8.0,5.0,7.0,223.0
AUDI,A4,COMPACT,2.0,4.0,AM7,Z,8.6,6.4,7.0,3.0,177.0
AUDI,A4 QUATTRO,COMPACT,2.0,4.0,AM7,Z,10.0,7.0,6.0,5.0,203.0
AUDI,A4 QUATTRO,COMPACT,2.0,4.0,M6,Z,9.9,7.1,6.0,3.0,204.0
AUDI,A4 ALLROAD QUATTRO,STATION WAGON - SMALL,2.0,4.0,AM7,Z,10.5,7.9,5.0,5.0,217.0
AUDI,A5 QUATTRO,SUBCOMPACT,2.0,4.0,AM7,Z,10.0,7.0,6.0,5.0,203.0
AUDI,A5 QUATTRO,SUBCOMPACT,2.0,4.0,M6,Z,9.9,7.1,6.0,3.0,204.0
AUDI,A5 CABRIOLET QUATTRO,SUBCOMPACT,2.0,4.0,AM7,Z,10.0,7.0,6.0,5.0,203.0
AUDI,A5 SPORTBACK QUATTRO,MID-SIZE,2.0,4.0,AM7,Z,10.0,7.0,6.0,5.0,203.0
AUDI,A6 QUATTRO,MID-SIZE,2.0,4.0,AS8,Z,10.6,7.5,5.0,5.0,216.0
AUDI,A6 QUATTRO,MID-SIZE,3.0,6.0,AS8,Z,11.5,8.2,5.0,3.0,235.0
AUDI,A7 QUATTRO,MID-SIZE,3.0,6.0,AS8,Z,11.5,8.2,5.0,3.0,235.0
AUDI,A8,FULL-SIZE,3.0,6.0,AS8,Z,12.6,8.0,4.0,3.0,247.0
AUDI,A8,FULL-SIZE,4.0,8.0,AS8,Z,15.1,9.1,3.0,3.0,290.0
AUDI,A8L,FULL-SIZE,4.0,8.0,AS8,Z,15.1,9.1,3.0,3.0,290.0
AUDI,Q3,COMPACT,2.0,4.0,AS6,Z,11.6,8.3,5.0,3.0,236.0
AUDI,Q3 QUATTRO,COMPACT,2.0,4.0,AS6,Z,11.9,8.4,5.0,3.0,240.0
AUDI,Q5,SUV - SMALL,2.0,4.0,AS7,Z,10.4,8.6,5.0,3.0,226.0
AUDI,Q7,SUV - STANDARD,2.0,4.0,AS8,Z,12.2,9.5,4.0,3.0,258.0
AUDI,Q7,SUV - STANDARD,3.0,6.0,AS8,Z,12.6,9.4,4.0,3.0,260.0
AUDI,R8,TWO-SEATER,5.2,10.0,AM7,Z,16.0,9.5,3.0,1.0,304.0
AUDI,R8 QUATTRO,TWO-SEATER,5.2,10.0,AM7,Z,17.1,11.3,2.0,1.0,338.0
AUDI,R8 SPYDER,TWO-SEATER,5.2,10.0,AM7,Z,17.1,11.3,2.0,1.0,338.0
AUDI,RS 3,SUBCOMPACT,2.5,5.0,AM7,Z,12.4,8.3,4.0,3.0,248.0
AUDI,RS 5,SUBCOMPACT,2.9,6.0,AM8,Z,12.9,8.9,4.0,5.0,260.0
AUDI,RS 7,MID-SIZE,4.0,8.0,AS8,Z,17.0,9.6,3.0,3.0,318.0
AUDI,S3,SUBCOMPACT,2.0,4.0,AM7,Z,10.6,8.3,5.0,3.0,223.0
AUDI,S4,COMPACT,3.0,6.0,AM8,Z,11.5,8.0,5.0,5.0,232.0
AUDI,S5,SUBCOMPACT,3.0,6.0,AM8,Z,11.5,8.0,5.0,5.0,232.0
AUDI,S5 CABRIOLET,SUBCOMPACT,3.0,6.0,AM8,Z,11.9,8.1,5.0,5.0,239.0
AUDI,S5 SPORTBACK,MID-SIZE,3.0,6.0,AM8,Z,11.5,8.0,5.0,5.0,232.0
AUDI,S6,MID-SIZE,4.0,8.0,AM7,Z,15.0,10.0,3.0,3.0,298.0
AUDI,S7,MID-SIZE,4.0,8.0,AM7,Z,15.0,10.0,3.0,3.0,298.0
AUDI,S8,MID-SIZE,4.0,8.0,AS8,Z,16.2,9.9,3.0,3.0,313.0
AUDI,SQ5,SUV - SMALL,3.0,6.0,AM8,Z,12.7,10.0,4.0,5.0,270.0
AUDI,TT COUPE QUATTRO,SUBCOMPACT,2.0,4.0,AM6,X,10.1,7.8,5.0,7.0,209.0
AUDI,TT ROADSTER QUATTRO,TWO-SEATER,2.0,4.0,AM6,X,10.1,7.8,5.0,7.0,209.0
AUDI,TT RS,SUBCOMPACT,2.5,5.0,AM7,Z,12.3,8.2,5.0,3.0,245.0
AUDI,TTS COUPE,SUBCOMPACT,2.0,4.0,AM6,Z,10.3,8.6,5.0,3.0,222.0
BENTLEY,BENTAYGA,SUV - STANDARD,6.0,12.0,AS8,Z,18.8,12.2,2.0,3.0,370.0
BENTLEY,CONTINENTAL GT CONVERTIBLE,COMPACT,6.0,12.0,AS8,Z,20.4,12.0,1.0,1.0,389.0
BENTLEY,CONTINENTAL SUPERSPORTS,COMPACT,6.0,12.0,AS8,Z,20.4,12.0,1.0,1.0,389.0
BENTLEY,FLYING SPUR,MID-SIZE,4.0,8.0,AS8,Z,18.8,10.7,2.0,3.0,353.0
BENTLEY,FLYING SPUR,MID-SIZE,6.0,12.0,AS8,Z,20.4,12.0,1.0,1.0,389.0
BENTLEY,MULSANNE,MID-SIZE,6.8,8.0,AS8,Z,20.9,13.0,1.0,1.0,405.0
BMW,230i COUPE,SUBCOMPACT,2.0,4.0,AS8,Z,9.8,6.8,6.0,7.0,197.0
BMW,230i COUPE,SUBCOMPACT,2.0,4.0,M6,Z,11.1,7.3,5.0,7.0,219.0
BMW,230i xDRIVE CABRIOLET,SUBCOMPACT,2.0,4.0,AS8,Z,10.2,7.2,6.0,7.0,208.0
BMW,230i xDRIVE COUPE,SUBCOMPACT,2.0,4.0,AS8,Z,9.9,7.1,6.0,7.0,202.0
BMW,328d xDRIVE,COMPACT,2.0,4.0,AS8,D,7.8,5.9,7.0,3.0,184.0
BMW,328d xDRIVE TOURING,STATION WAGON - SMALL,2.0,4.0,AS8,D,7.8,5.9,7.0,3.0,184.0
BMW,330i xDRIVE,COMPACT,2.0,4.0,AS8,Z,10.2,7.2,6.0,7.0,208.0
BMW,330i xDRIVE GRAN TURISMO,FULL-SIZE,2.0,4.0,AS8,Z,10.2,7.2,6.0,7.0,208.0
BMW,330i xDRIVE TOURING,STATION WAGON - SMALL,2.0,4.0,AS8,Z,10.2,7.2,6.0,7.0,208.0
BMW,340i,COMPACT,3.0,6.0,AS8,Z,9.2,6.2,7.0,3.0,183.0
BMW,340i,COMPACT,3.0,6.0,M6,Z,12.1,8.1,5.0,3.0,240.0
BMW,340i xDRIVE,COMPACT,3.0,6.0,AS8,Z,11.1,7.5,5.0,3.0,223.0
BMW,340i xDRIVE,COMPACT,3.0,6.0,M6,Z,12.2,8.4,5.0,3.0,245.0
BMW,340i xDRIVE GRAN TURISMO,FULL-SIZE,3.0,6.0,AS8,Z,11.8,7.9,5.0,3.0,235.0
BMW,430i xDRIVE CABRIOLET,SUBCOMPACT,2.0,4.0,AS8,Z,10.7,7.3,5.0,7.0,214.0
BMW,430i xDRIVE COUPE,COMPACT,2.0,4.0,AS8,Z,10.2,7.2,6.0,7.0,208.0
BMW,430i xDRIVE GRAN COUPE,COMPACT,2.0,4.0,AS8,Z,10.2,7.2,6.0,7.0,208.0
BMW,440i COUPE,COMPACT,3.0,6.0,AS8,Z,9.2,6.2,7.0,3.0,183.0
BMW,440i COUPE,COMPACT,3.0,6.0,M6,Z,12.1,8.1,5.0,3.0,240.0
BMW,440i xDRIVE CABRIOLET,SUBCOMPACT,3.0,6.0,AS8,Z,11.8,7.9,5.0,3.0,235.0
BMW,440i xDRIVE COUPE,COMPACT,3.0,6.0,AS8,Z,11.1,7.5,5.0,3.0,223.0
BMW,440i xDRIVE COUPE,COMPACT,3.0,6.0,M6,Z,12.2,8.4,5.0,3.0,245.0
BMW,440i xDRIVE GRAN COUPE,COMPACT,3.0,6.0,AS8,Z,11.1,7.5,5.0,3.0,223.0
BMW,530i xDRIVE,MID-SIZE,2.0,4.0,AS8,Z,10.2,7.2,6.0,7.0,208.0
BMW,540i xDRIVE,MID-SIZE,3.0,6.0,AS8,Z,11.6,8.1,5.0,5.0,236.0
BMW,640i xDRIVE CABRIOLET,SUBCOMPACT,3.0,6.0,AS8,Z,12.3,8.4,4.0,3.0,248.0
BMW,640i xDRIVE GRAN COUPE,COMPACT,3.0,6.0,AS8,Z,12.3,8.4,4.0,3.0,248.0
BMW,640i xDRIVE GRAN TURISMO,FULL-SIZE,3.0,6.0,AS8,Z,11.9,8.4,5.0,5.0,241.0
BMW,650i xDRIVE CABRIOLET,SUBCOMPACT,4.4,8.0,AS8,Z,14.7,9.6,3.0,3.0,292.0
BMW,650i xDRIVE COUPE,SUBCOMPACT,4.4,8.0,AS8,Z,14.0,10.0,3.0,3.0,286.0
BMW,650i xDRIVE GRAN COUPE,COMPACT,4.4,8.0,AS8,Z,14.7,9.6,3.0,3.0,292.0
BMW,750i xDRIVE,FULL-SIZE,4.4,8.0,AS8,Z,14.7,9.6,3.0,3.0,292.0
BMW,750i xDRIVE SWB,FULL-SIZE,4.4,8.0,AS8,Z,14.3,9.4,4.0,3.0,283.0
BMW,ALPINA B6 xDRIVE GRAN COUPE,COMPACT,4.4,8.0,AS8,Z,14.7,9.6,3.0,3.0,292.0
BMW,M2,SUBCOMPACT,3.0,6.0,AM7,Z,11.8,8.9,5.0,3.0,245.0
BMW,M2,SUBCOMPACT,3.0,6.0,M6,Z,13.1,9.2,4.0,3.0,267.0
BMW,M240i CABRIOLET,SUBCOMPACT,3.0,6.0,AS8,Z,10.9,7.7,5.0,3.0,222.0
BMW,M240i CABRIOLET,SUBCOMPACT,3.0,6.0,M6,Z,12.7,8.7,4.0,3.0,255.0
BMW,M240i COUPE,SUBCOMPACT,3.0,6.0,AS8,Z,10.9,7.7,5.0,3.0,222.0
BMW,M240i COUPE,SUBCOMPACT,3.0,6.0,M6,Z,12.5,8.4,4.0,3.0,249.0
BMW,M240i xDRIVE CABRIOLET,SUBCOMPACT,3.0,6.0,AS8,Z,11.2,7.8,5.0,3.0,227.0
BMW,M240i xDRIVE COUPE,SUBCOMPACT,3.0,6.0,AS8,Z,11.2,7.8,5.0,3.0,227.0
BMW,M3,COMPACT,3.0,6.0,AM7,Z,13.5,9.9,4.0,3.0,280.0
BMW,M3,COMPACT,3.0,6.0,M6,Z,13.5,9.3,4.0,3.0,273.0
BMW,M4 CABRIOLET,SUBCOMPACT,3.0,6.0,AM7,Z,14.5,10.5,3.0,3.0,299.0
BMW,M4 CABRIOLET,SUBCOMPACT,3.0,6.0,M6,Z,13.8,9.4,4.0,3.0,280.0
BMW,M4 COUPE,COMPACT,3.0,6.0,AM7,Z,13.5,9.9,4.0,3.0,280.0
BMW,M4 COUPE,COMPACT,3.0,6.0,M6,Z,13.5,9.3,4.0,3.0,273.0
BMW,M550i xDRIVE,MID-SIZE,4.4,8.0,AS8,Z,14.3,9.4,4.0,3.0,283.0
BMW,M6 CABRIOLET,SUBCOMPACT,4.4,8.0,AM7,Z,17.3,11.6,2.0,3.0,344.0
BMW,M6 CABRIOLET,SUBCOMPACT,4.4,8.0,M6,Z,16.2,10.9,3.0,3.0,324.0
BMW,M6 COUPE,SUBCOMPACT,4.4,8.0,AM7,Z,17.3,11.6,2.0,3.0,344.0
BMW,M6 COUPE,SUBCOMPACT,4.4,8.0,M6,Z,16.2,10.9,3.0,3.0,324.0
BMW,M6 GRAN COUPE,COMPACT,4.4,8.0,AM7,Z,17.3,11.6,2.0,3.0,344.0
BMW,M6 GRAN COUPE,COMPACT,4.4,8.0,M6,Z,16.2,10.9,3.0,3.0,324.0
BMW,M760i xDRIVE,FULL-SIZE,6.6,12.0,AS8,Z,17.7,11.9,2.0,3.0,355.0
BMW,X1 xDRIVE28i,SUV - SMALL,2.0,4.0,AS8,Z,10.7,7.5,5.0,7.0,217.0
BMW,X2 xDRIVE28i,SUV - SMALL,2.0,4.0,AS8,Z,11.0,7.7,5.0,7.0,222.0
BMW,X3 xDRIVE30i,SUV - SMALL,2.0,4.0,AS8,Z,10.8,8.0,5.0,7.0,223.0
BMW,X3 M40i,SUV - SMALL,3.0,6.0,AS8,Z,11.7,8.6,5.0,5.0,241.0
BMW,X4 xDRIVE28i,SUV - SMALL,2.0,4.0,AS8,Z,11.8,8.6,5.0,3.0,240.0
BMW,X4 M40i,SUV - SMALL,3.0,6.0,AS8,Z,12.9,9.5,4.0,3.0,266.0
BMW,X5 xDRIVE35d,SUV - STANDARD,3.0,6.0,AS8,D,10.3,8.0,4.0,3.0,246.0
BMW,X5 xDRIVE35i,SUV - STANDARD,3.0,6.0,AS8,Z,13.0,9.8,4.0,3.0,270.0
BMW,X5 xDRIVE50i,SUV - STANDARD,4.4,8.0,AS8,Z,15.4,11.2,3.0,3.0,317.0
BMW,X5 M,SUV - STANDARD,4.4,8.0,AS8,Z,16.6,12.1,2.0,3.0,341.0
BMW,X6 xDRIVE35i,SUV - STANDARD,3.0,6.0,AS8,Z,13.0,9.8,4.0,3.0,270.0
BMW,X6 xDRIVE50i,SUV - STANDARD,4.4,8.0,AS8,Z,15.4,11.2,3.0,3.0,317.0
BMW,X6 M,SUV - STANDARD,4.4,8.0,AS8,Z,16.6,12.1,2.0,3.0,341.0
BUGATTI,CHIRON,TWO-SEATER,8.0,16.0,AM7,Z,26.8,16.6,1.0,1.0,522.0
BUICK,ENCLAVE,SUV - STANDARD,3.6,6.0,AS9,X,12.9,9.0,4.0,5.0,263.0
BUICK,ENCLAVE AWD,SUV - STANDARD,3.6,6.0,AS9,X,13.8,9.4,4.0,5.0,277.0
BUICK,ENCORE,SUV - SMALL,1.4,4.0,AS6,X,9.3,7.2,6.0,3.0,194.0
BUICK,ENCORE (SIDI with Stop/Start),SUV - SMALL,1.4,4.0,AS6,X,8.6,7.1,7.0,3.0,185.0
BUICK,ENCORE AWD,SUV - SMALL,1.4,4.0,AS6,X,9.9,7.8,5.0,3.0,210.0
BUICK,ENCORE AWD (SIDI with Stop/Start),SUV - SMALL,1.4,4.0,AS6,X,9.0,7.6,6.0,3.0,196.0
BUICK,ENVISION AWD,SUV - SMALL,2.0,4.0,A6,Z,11.8,9.1,4.0,3.0,248.0
BUICK,ENVISION AWD,SUV - SMALL,2.5,4.0,A6,X,11.1,8.6,5.0,5.0,234.0
BUICK,LACROSSE,MID-SIZE,3.6,6.0,AS9,X,11.3,7.9,5.0,5.0,228.0
BUICK,LACROSSE eASSIST,MID-SIZE,2.5,4.0,A6,X,9.3,6.7,6.0,5.0,190.0
BUICK,LACROSSE AWD,MID-SIZE,3.6,6.0,AS9,X,11.8,8.0,5.0,5.0,237.0
BUICK,REGAL,FULL-SIZE,2.0,4.0,AS9,Z,10.7,7.4,5.0,5.0,217.0
BUICK,REGAL AWD,FULL-SIZE,2.0,4.0,AS8,Z,11.0,8.0,5.0,5.0,227.0
BUICK,REGAL AWD,FULL-SIZE,3.6,6.0,AS9,X,12.4,8.7,4.0,5.0,250.0
CADILLAC,ATS,COMPACT,2.0,4.0,AS8,Z,10.5,7.7,5.0,5.0,216.0
CADILLAC,ATS,COMPACT,2.0,4.0,M6,Z,12.0,8.2,5.0,5.0,240.0
CADILLAC,ATS,COMPACT,3.6,6.0,AS8,X,11.6,8.0,5.0,5.0,234.0
CADILLAC,ATS AWD,COMPACT,2.0,4.0,AS8,Z,10.8,7.9,5.0,5.0,222.0
CADILLAC,ATS AWD,COMPACT,3.6,6.0,AS8,X,12.1,8.6,4.0,5.0,247.0
CADILLAC,ATS-V,COMPACT,3.6,6.0,AS8,Z,13.9,9.4,3.0,3.0,291.0
CADILLAC,ATS-V,COMPACT,3.6,6.0,M6,Z,14.4,10.4,3.0,3.0,295.0
CADILLAC,CT6,FULL-SIZE,2.0,4.0,AS8,Z,11.0,7.8,5.0,5.0,224.0
CADILLAC,CT6 AWD,FULL-SIZE,3.0,6.0,AS8,Z,13.0,9.1,4.0,3.0,263.0
CADILLAC,CT6 AWD,FULL-SIZE,3.6,6.0,AS8,X,13.0,8.9,4.0,5.0,261.0
CADILLAC,CTS,MID-SIZE,2.0,4.0,AS8,Z,11.0,7.8,5.0,5.0,224.0
CADILLAC,CTS,MID-SIZE,3.6,6.0,AS8,X,11.6,8.0,5.0,5.0,234.0
CADILLAC,CTS AWD,MID-SIZE,2.0,4.0,AS8,Z,11.2,8.2,5.0,5.0,229.0
CADILLAC,CTS AWD,MID-SIZE,3.6,6.0,AS8,X,12.1,8.6,4.0,5.0,247.0
CADILLAC,CTS Vsport,MID-SIZE,3.6,6.0,AS8,Z,15.0,9.9,3.0,3.0,311.0
CADILLAC,CTS-V,MID-SIZE,6.2,8.0,AS8,Z,16.5,11.1,3.0,1.0,329.0
CADILLAC,ESCALADE 4WD,SUV - STANDARD,6.2,8.0,A10,Z,16.6,10.9,3.0,3.0,329.0
CADILLAC,XT5,SUV - SMALL,3.6,6.0,AS8,X,12.1,8.9,4.0,5.0,250.0
CADILLAC,XT5 AWD,SUV - SMALL,3.6,6.0,AS8,X,12.8,9.3,4.0,5.0,263.0
CADILLAC,XTS,FULL-SIZE,3.6,6.0,AS6,X,13.2,8.5,4.0,5.0,260.0
CADILLAC,XTS AWD,FULL-SIZE,3.6,6.0,AS6,X,13.7,9.0,4.0,5.0,272.0
CADILLAC,XTS Vsport AWD,FULL-SIZE,3.6,6.0,AS6,Z,15.0,10.2,3.0,3.0,302.0
CHEVROLET,CAMARO,SUBCOMPACT,2.0,4.0,AS8,Z,10.8,7.6,5.0,5.0,220.0
CHEVROLET,CAMARO,SUBCOMPACT,2.0,4.0,M6,Z,11.9,7.9,5.0,5.0,235.0
CHEVROLET,CAMARO,SUBCOMPACT,3.6,6.0,AS8,X,12.3,8.2,5.0,5.0,246.0
CHEVROLET,CAMARO,SUBCOMPACT,3.6,6.0,M6,X,14.4,8.4,4.0,5.0,274.0
CHEVROLET,CAMARO SS,SUBCOMPACT,6.2,8.0,AS8,Z,14.2,8.7,4.0,1.0,273.0
CHEVROLET,CAMARO SS,SUBCOMPACT,6.2,8.0,M6,Z,14.3,9.4,3.0,1.0,284.0
CHEVROLET,CAMARO ZL1,SUBCOMPACT,6.2,8.0,AS10,Z,18.8,11.3,2.0,1.0,361.0
CHEVROLET,CAMARO ZL1,SUBCOMPACT,6.2,8.0,M6,Z,17.1,12.0,2.0,1.0,348.0
CHEVROLET,CITY EXPRESS,SPECIAL PURPOSE VEHICLE,2.0,4.0,AV,X,9.8,8.8,5.0,3.0,218.0
CHEVROLET,COLORADO,PICKUP TRUCK - SMALL,2.5,4.0,A6,X,12.1,9.2,4.0,5.0,253.0
CHEVROLET,COLORADO,PICKUP TRUCK - SMALL,2.5,4.0,M6,X,11.9,9.2,4.0,5.0,251.0
CHEVROLET,COLORADO,PICKUP TRUCK - SMALL,2.8,4.0,A6,D,10.8,8.0,4.0,3.0,257.0
CHEVROLET,COLORADO,PICKUP TRUCK - SMALL,3.6,6.0,A8,X,13.4,9.6,4.0,5.0,274.0
CHEVROLET,COLORADO 4WD,PICKUP TRUCK - SMALL,2.5,4.0,A6,X,12.6,9.8,4.0,5.0,266.0
CHEVROLET,COLORADO 4WD,PICKUP TRUCK - SMALL,2.8,4.0,A6,D,12.1,8.3,4.0,3.0,279.0
CHEVROLET,COLORADO 4WD,PICKUP TRUCK - SMALL,3.6,6.0,A8,X,14.1,10.0,3.0,5.0,288.0
CHEVROLET,COLORADO ZR2 4WD,PICKUP TRUCK - SMALL,2.8,4.0,A6,D,12.5,10.7,3.0,3.0,315.0
CHEVROLET,COLORADO ZR2 4WD,PICKUP TRUCK - SMALL,3.6,6.0,A8,X,15.0,13.0,3.0,5.0,331.0
CHEVROLET,CORVETTE,TWO-SEATER,6.2,8.0,AS8,Z,15.5,9.2,3.0,1.0,297.0
CHEVROLET,CORVETTE,TWO-SEATER,6.2,8.0,M7,Z,14.2,9.0,4.0,1.0,278.0
CHEVROLET,CORVETTE Z06,TWO-SEATER,6.2,8.0,AS8,Z,17.6,10.3,2.0,1.0,336.0
CHEVROLET,CORVETTE Z06,TWO-SEATER,6.2,8.0,M7,Z,15.6,10.6,3.0,1.0,312.0
CHEVROLET,CRUZE,COMPACT,1.4,4.0,AS6,X,8.0,5.9,8.0,6.0,166.0
CHEVROLET,CRUZE,COMPACT,1.4,4.0,M6,X,8.6,5.8,7.0,6.0,172.0
CHEVROLET,CRUZE PREMIER,COMPACT,1.4,4.0,AS6,X,8.1,6.0,8.0,6.0,169.0
CHEVROLET,CRUZE DIESEL,COMPACT,1.6,4.0,A9,D,7.7,5.0,7.0,3.0,175.0
CHEVROLET,CRUZE DIESEL,COMPACT,1.6,4.0,M6,D,7.8,4.6,7.0,3.0,170.0
CHEVROLET,CRUZE HATCHBACK,MID-SIZE,1.4,4.0,AS6,X,8.1,6.2,7.0,6.0,172.0
CHEVROLET,CRUZE HATCHBACK,MID-SIZE,1.4,4.0,M6,X,8.6,6.2,7.0,6.0,175.0
CHEVROLET,CRUZE HATCHBACK PREMIER,MID-SIZE,1.4,4.0,AS6,X,8.4,6.4,7.0,6.0,176.0
CHEVROLET,CRUZE HATCHBACK DIESEL,MID-SIZE,1.6,4.0,A9,D,7.8,5.2,7.0,3.0,178.0
CHEVROLET,CRUZE HATCHBACK DIESEL,MID-SIZE,1.6,4.0,M6,D,8.1,4.9,7.0,3.0,180.0
CHEVROLET,EQUINOX,SUV - SMALL,1.5,4.0,A6,X,9.2,7.3,6.0,5.0,195.0
CHEVROLET,EQUINOX,SUV - SMALL,1.6,4.0,A6,D,8.5,6.0,6.0,3.0,198.0
CHEVROLET,EQUINOX AWD,SUV - SMALL,1.5,4.0,A6,X,9.8,7.9,5.0,5.0,209.0
CHEVROLET,EQUINOX AWD,SUV - SMALL,1.6,4.0,A6,D,8.5,6.1,6.0,3.0,198.0
CHEVROLET,EQUINOX AWD,SUV - SMALL,2.0,4.0,A9,Z,10.9,8.3,5.0,5.0,228.0
CHEVROLET,IMPALA,FULL-SIZE,2.5,4.0,AS6,X,10.9,7.9,5.0,3.0,224.0
CHEVROLET,IMPALA FFV,FULL-SIZE,3.6,6.0,AS6,X,12.7,8.5,4.0,5.0,254.0
CHEVROLET,IMPALA FFV,FULL-SIZE,3.6,6.0,AS6,E,17.2,11.6,5.0,5.0,245.0
CHEVROLET,MALIBU,MID-SIZE,1.5,4.0,A6,X,8.8,6.5,7.0,6.0,181.0
CHEVROLET,MALIBU,MID-SIZE,2.0,4.0,A9,Z,10.5,7.4,5.0,5.0,213.0
CHEVROLET,MALIBU HYBRID,MID-SIZE,1.8,4.0,AV,X,4.8,5.5,10.0,3.0,121.0
CHEVROLET,SILVERADO FFV,PICKUP TRUCK - STANDARD,4.3,6.0,A6,X,13.4,10.0,4.0,5.0,278.0
CHEVROLET,SILVERADO FFV,PICKUP TRUCK - STANDARD,4.3,6.0,A6,E,19.3,14.4,3.0,5.0,284.0
CHEVROLET,SILVERADO,PICKUP TRUCK - STANDARD,5.3,8.0,A6,X,14.6,10.3,3.0,3.0,298.0
CHEVROLET,SILVERADO FFV,PICKUP TRUCK - STANDARD,5.3,8.0,A6,X,14.6,10.3,3.0,3.0,298.0
CHEVROLET,SILVERADO FFV,PICKUP TRUCK - STANDARD,5.3,8.0,A6,E,19.7,13.9,4.0,3.0,283.0
CHEVROLET,SILVERADO,PICKUP TRUCK - STANDARD,5.3,8.0,A8,X,14.9,10.9,3.0,3.0,307.0
CHEVROLET,SILVERADO,PICKUP TRUCK - STANDARD,6.2,8.0,A8,Z,15.9,11.2,3.0,3.0,324.0
CHEVROLET,SILVERADO eASSIST,PICKUP TRUCK - STANDARD,5.3,8.0,A8,X,13.4,10.0,4.0,3.0,278.0
CHEVROLET,SILVERADO 4WD FFV,PICKUP TRUCK - STANDARD,4.3,6.0,A6,X,14.1,10.6,3.0,5.0,294.0
CHEVROLET,SILVERADO 4WD FFV,PICKUP TRUCK - STANDARD,4.3,6.0,A6,E,20.2,15.2,3.0,5.0,296.0
CHEVROLET,SILVERADO 4WD,PICKUP TRUCK - STANDARD,5.3,8.0,A6,X,15.0,10.7,3.0,3.0,307.0
CHEVROLET,SILVERADO 4WD FFV,PICKUP TRUCK - STANDARD,5.3,8.0,A6,X,15.0,10.7,3.0,3.0,307.0
CHEVROLET,SILVERADO 4WD FFV,PICKUP TRUCK - STANDARD,5.3,8.0,A6,E,21.0,15.0,3.0,3.0,309.0
CHEVROLET,SILVERADO 4WD,PICKUP TRUCK - STANDARD,5.3,8.0,A8,X,15.6,11.6,3.0,3.0,324.0
CHEVROLET,SILVERADO 4WD,PICKUP TRUCK - STANDARD,6.2,8.0,A8,Z,16.0,11.7,3.0,3.0,331.0
CHEVROLET,SILVERADO eASSIST 4WD,PICKUP TRUCK - STANDARD,5.3,8.0,A8,X,14.4,11.2,3.0,3.0,304.0
CHEVROLET,SONIC,COMPACT,1.4,4.0,AS6,X,8.8,6.6,7.0,3.0,184.0
CHEVROLET,SONIC,COMPACT,1.4,4.0,M6,X,8.4,6.3,7.0,3.0,174.0
CHEVROLET,SONIC,COMPACT,1.8,4.0,AS6,X,9.3,7.0,6.0,5.0,193.0
CHEVROLET,SONIC,COMPACT,1.8,4.0,M5,X,9.2,6.8,6.0,5.0,190.0
CHEVROLET,SONIC 5,STATION WAGON - SMALL,1.4,4.0,AS6,X,8.8,6.6,7.0,3.0,184.0
CHEVROLET,SONIC 5,STATION WAGON - SMALL,1.4,4.0,M6,X,8.4,6.3,7.0,3.0,174.0
CHEVROLET,SONIC 5,STATION WAGON - SMALL,1.8,4.0,AS6,X,9.3,7.0,6.0,5.0,193.0
CHEVROLET,SONIC 5,STATION WAGON - SMALL,1.8,4.0,M5,X,9.2,6.8,6.0,5.0,190.0
CHEVROLET,SPARK,SUBCOMPACT,1.4,4.0,AV,X,7.8,6.2,8.0,5.0,167.0
CHEVROLET,SPARK,SUBCOMPACT,1.4,4.0,M5,X,8.0,6.0,8.0,5.0,166.0
CHEVROLET,SUBURBAN,SUV - STANDARD,5.3,8.0,A6,X,15.1,10.4,3.0,3.0,305.0
CHEVROLET,SUBURBAN FFV,SUV - STANDARD,5.3,8.0,A6,X,15.1,10.4,3.0,3.0,305.0
CHEVROLET,SUBURBAN FFV,SUV - STANDARD,5.3,8.0,A6,E,19.8,13.9,3.0,3.0,285.0
CHEVROLET,SUBURBAN 4WD,SUV - STANDARD,5.3,8.0,A6,X,15.3,10.9,3.0,3.0,313.0
CHEVROLET,SUBURBAN 4WD FFV,SUV - STANDARD,5.3,8.0,A6,X,15.3,10.9,3.0,3.0,312.0
CHEVROLET,SUBURBAN 4WD FFV,SUV - STANDARD,5.3,8.0,A6,E,22.3,15.7,3.0,3.0,321.0
CHEVROLET,TAHOE,SUV - STANDARD,5.3,8.0,A6,X,15.1,10.4,3.0,3.0,305.0
CHEVROLET,TAHOE FFV,SUV - STANDARD,5.3,8.0,A6,X,15.1,10.4,3.0,3.0,305.0
CHEVROLET,TAHOE FFV,SUV - STANDARD,5.3,8.0,A6,E,19.8,13.9,3.0,3.0,285.0
CHEVROLET,TAHOE 4WD,SUV - STANDARD,5.3,8.0,A6,X,15.2,10.8,3.0,3.0,310.0
CHEVROLET,TAHOE 4WD FFV,SUV - STANDARD,5.3,8.0,A6,X,15.2,10.8,3.0,3.0,310.0
CHEVROLET,TAHOE 4WD FFV,SUV - STANDARD,5.3,8.0,A6,E,20.8,14.5,3.0,3.0,299.0
CHEVROLET,TAHOE 4WD,SUV - STANDARD,6.2,8.0,A10,Z,16.4,10.7,3.0,3.0,325.0
CHEVROLET,TRAVERSE,SUV - STANDARD,2.0,4.0,A9,Z,11.7,9.0,4.0,5.0,246.0
CHEVROLET,TRAVERSE,SUV - STANDARD,3.6,6.0,AS9,X,12.9,8.7,4.0,5.0,258.0
CHEVROLET,TRAVERSE AWD,SUV - STANDARD,3.6,6.0,AS9,X,13.7,9.4,4.0,5.0,276.0
CHEVROLET,TRAX,SUV - SMALL,1.4,4.0,AS6,X,9.3,7.2,6.0,3.0,194.0
CHEVROLET,TRAX,SUV - SMALL,1.4,4.0,M6,X,9.2,7.1,6.0,3.0,194.0
CHEVROLET,TRAX 4WD,SUV - SMALL,1.4,4.0,AS6,X,9.9,7.8,5.0,3.0,210.0
CHRYSLER,300,FULL-SIZE,3.6,6.0,A8,X,12.4,7.8,5.0,3.0,242.0
CHRYSLER,300 FFV,FULL-SIZE,3.6,6.0,A8,X,12.4,7.8,5.0,3.0,242.0
CHRYSLER,300 FFV,FULL-SIZE,3.6,6.0,A8,E,17.1,10.6,5.0,3.0,234.0
CHRYSLER,300,FULL-SIZE,5.7,8.0,A8,X,14.7,9.4,3.0,3.0,289.0
CHRYSLER,300 AWD,FULL-SIZE,3.6,6.0,A8,X,12.8,8.7,4.0,3.0,258.0
CHRYSLER,300 AWD FFV,FULL-SIZE,3.6,6.0,A8,X,12.8,8.7,4.0,3.0,258.0
CHRYSLER,300 AWD FFV,FULL-SIZE,3.6,6.0,A8,E,17.6,12.0,4.0,3.0,248.0
CHRYSLER,PACIFICA,MINIVAN,3.6,6.0,A9,X,12.9,8.4,4.0,3.0,259.0
CHRYSLER,PACIFICA (Stop-Start),MINIVAN,3.6,6.0,A9,X,12.4,8.4,4.0,3.0,249.0
DODGE,CHALLENGER,MID-SIZE,3.6,6.0,A8,X,12.4,7.8,5.0,3.0,242.0
DODGE,CHALLENGER,MID-SIZE,5.7,8.0,M6,Z,15.6,10.1,3.0,1.0,307.0
DODGE,CHALLENGER,MID-SIZE,6.4,8.0,M6,Z,16.7,10.4,3.0,1.0,325.0
DODGE,CHALLENGER (MDS),MID-SIZE,5.7,8.0,A8,X,14.7,9.4,3.0,3.0,289.0
DODGE,CHALLENGER (MDS),MID-SIZE,6.4,8.0,A8,Z,15.6,9.6,3.0,1.0,302.0
DODGE,CHALLENGER GT AWD,MID-SIZE,3.6,6.0,A8,X,12.8,8.7,4.0,3.0,258.0
DODGE,CHALLENGER GT AWD FFV,MID-SIZE,3.6,6.0,A8,X,12.8,8.7,4.0,3.0,258.0
DODGE,CHALLENGER GT AWD FFV,MID-SIZE,3.6,6.0,A8,E,17.6,12.0,4.0,3.0,248.0
DODGE,CHALLENGER SRT,MID-SIZE,6.4,8.0,M6,Z,16.7,10.4,3.0,1.0,325.0
DODGE,CHALLENGER SRT (MDS),MID-SIZE,6.4,8.0,A8,Z,15.6,9.6,3.0,1.0,302.0
DODGE,CHALLENGER SRT DEMON,MID-SIZE,6.2,8.0,A8,Z,17.6,10.7,2.0,1.0,339.0
DODGE,CHALLENGER SRT HELLCAT,MID-SIZE,6.2,8.0,A8,Z,17.6,10.7,2.0,1.0,339.0
DODGE,CHALLENGER SRT HELLCAT,MID-SIZE,6.2,8.0,M6,Z,18.1,11.4,2.0,1.0,352.0
DODGE,CHARGER,FULL-SIZE,3.6,6.0,A5,X,13.7,9.0,4.0,3.0,271.0
DODGE,CHARGER FFV,FULL-SIZE,3.6,6.0,A5,X,13.7,9.0,4.0,3.0,271.0
DODGE,CHARGER FFV,FULL-SIZE,3.6,6.0,A5,E,18.9,12.7,4.0,3.0,268.0
DODGE,CHARGER,FULL-SIZE,3.6,6.0,A8,X,12.4,7.8,5.0,3.0,242.0
DODGE,CHARGER FFV,FULL-SIZE,3.6,6.0,A8,X,12.4,7.8,5.0,3.0,242.0
DODGE,CHARGER FFV,FULL-SIZE,3.6,6.0,A8,E,17.1,10.6,5.0,3.0,234.0
DODGE,CHARGER (MDS),FULL-SIZE,5.7,8.0,A5,X,15.6,9.7,3.0,3.0,302.0
DODGE,CHARGER (MDS),FULL-SIZE,5.7,8.0,A8,X,14.7,9.4,3.0,3.0,289.0
DODGE,CHARGER (MDS),FULL-SIZE,6.4,8.0,A8,Z,15.6,9.6,3.0,1.0,302.0
DODGE,CHARGER AWD,FULL-SIZE,3.6,6.0,A8,X,12.8,8.7,4.0,3.0,258.0
DODGE,CHARGER AWD FFV,FULL-SIZE,3.6,6.0,A8,X,12.8,8.7,4.0,3.0,258.0
DODGE,CHARGER AWD FFV,FULL-SIZE,3.6,6.0,A8,E,17.6,12.0,4.0,3.0,248.0
DODGE,CHARGER AWD (MDS),FULL-SIZE,5.7,8.0,A5,X,16.0,10.1,3.0,3.0,312.0
DODGE,CHARGER SRT (MDS),FULL-SIZE,6.4,8.0,A8,Z,15.6,9.6,3.0,1.0,302.0
DODGE,CHARGER SRT HELLCAT,FULL-SIZE,6.2,8.0,A8,Z,17.6,10.7,2.0,1.0,339.0
DODGE,DURANGO AWD,SUV - STANDARD,3.6,6.0,A8,X,12.7,9.6,4.0,5.0,265.0
DODGE,DURANGO AWD,SUV - STANDARD,5.7,8.0,A8,X,16.7,10.9,3.0,3.0,331.0
DODGE,DURANGO AWD SRT,SUV - STANDARD,6.4,8.0,A8,Z,18.3,12.2,2.0,1.0,363.0
DODGE,GRAND CARAVAN FFV,MINIVAN,3.6,6.0,A6,X,13.7,9.4,4.0,3.0,276.0
DODGE,GRAND CARAVAN FFV,MINIVAN,3.6,6.0,A6,E,19.4,13.3,4.0,3.0,274.0
DODGE,JOURNEY,SUV - SMALL,2.4,4.0,A4,X,12.7,9.2,4.0,3.0,261.0
DODGE,JOURNEY FFV,SUV - SMALL,3.6,6.0,A6,X,14.2,9.5,4.0,3.0,284.0
DODGE,JOURNEY FFV,SUV - SMALL,3.6,6.0,A6,E,19.1,13.2,4.0,3.0,274.0
DODGE,JOURNEY AWD,SUV - SMALL,3.6,6.0,A6,X,14.5,10.0,3.0,3.0,292.0
FIAT,124 SPIDER,TWO-SEATER,1.4,4.0,A6,X,9.3,6.5,6.0,3.0,187.0
FIAT,124 SPIDER,TWO-SEATER,1.4,4.0,M6,X,9.0,6.7,7.0,3.0,185.0
FIAT,500,MINICOMPACT,1.4,4.0,A6,X,9.7,7.4,6.0,3.0,202.0
FIAT,500,MINICOMPACT,1.4,4.0,M5,X,8.4,7.0,7.0,3.0,182.0
FIAT,500 ABARTH,MINICOMPACT,1.4,4.0,A6,X,9.7,7.4,6.0,3.0,202.0
FIAT,500 ABARTH,MINICOMPACT,1.4,4.0,M5,X,8.4,7.0,7.0,3.0,182.0
FIAT,500L,STATION WAGON - SMALL,1.4,4.0,A6,X,10.7,7.9,5.0,3.0,221.0
FIAT,500X,SUV - SMALL,1.4,4.0,M6,X,9.5,7.1,6.0,3.0,197.0
FIAT,500X,SUV - SMALL,2.4,4.0,A9,X,10.7,7.8,5.0,7.0,220.0
FIAT,500X AWD,SUV - SMALL,2.4,4.0,A9,X,11.0,8.0,5.0,7.0,226.0
FORD,C-MAX HYBRID,FULL-SIZE,2.0,4.0,AV,X,5.7,6.2,9.0,7.0,138.0
FORD,ECOSPORT,SUV - SMALL,1.0,3.0,AS6,X,8.6,8.1,6.0,3.0,195.0
FORD,ECOSPORT AWD,SUV - SMALL,2.0,4.0,AS6,X,10.2,8.0,5.0,5.0,217.0
FORD,EDGE,SUV - SMALL,2.0,4.0,AS6,X,11.5,8.0,5.0,5.0,233.0
FORD,EDGE (Start/Stop),SUV - SMALL,2.0,4.0,AS6,X,11.3,8.0,5.0,5.0,231.0
FORD,EDGE,SUV - SMALL,3.5,6.0,AS6,X,13.5,9.1,4.0,3.0,270.0
FORD,EDGE AWD,SUV - SMALL,2.0,4.0,AS6,X,11.9,8.7,5.0,5.0,246.0
FORD,EDGE AWD,SUV - SMALL,2.7,6.0,AS6,X,13.8,9.8,4.0,5.0,282.0
FORD,EDGE AWD,SUV - SMALL,3.5,6.0,AS6,X,14.2,10.2,3.0,3.0,291.0
FORD,ESCAPE,SUV - SMALL,1.5,4.0,AS6,X,10.2,7.8,5.0,3.0,214.0
FORD,ESCAPE FFV,SUV - SMALL,2.5,4.0,AS6,X,11.1,8.1,5.0,3.0,229.0
FORD,ESCAPE FFV,SUV - SMALL,2.5,4.0,AS6,E,15.2,10.9,5.0,3.0,219.0
FORD,ESCAPE AWD,SUV - SMALL,1.5,4.0,AS6,X,10.7,8.3,5.0,3.0,226.0
FORD,ESCAPE AWD,SUV - SMALL,2.0,4.0,AS6,X,11.5,8.8,5.0,5.0,241.0
FORD,EXPEDITION 4X4,SUV - STANDARD,3.5,6.0,AS10,X,13.8,10.7,3.0,5.0,291.0
FORD,EXPEDITION MAX 4X4,SUV - STANDARD,3.5,6.0,AS10,X,14.9,11.2,3.0,5.0,311.0
FORD,EXPLORER,SUV - STANDARD,2.3,4.0,AS6,X,12.6,8.6,4.0,3.0,254.0
FORD,EXPLORER FFV,SUV - STANDARD,3.5,6.0,AS6,X,13.9,9.8,4.0,3.0,283.0
FORD,EXPLORER FFV,SUV - STANDARD,3.5,6.0,AS6,E,18.7,13.0,4.0,3.0,269.0
FORD,EXPLORER AWD,SUV - STANDARD,2.3,4.0,AS6,X,13.1,9.2,4.0,3.0,267.0
FORD,EXPLORER AWD,SUV - STANDARD,3.5,6.0,AS6,X,14.8,10.7,3.0,3.0,305.0
FORD,EXPLORER FFV AWD,SUV - STANDARD,3.5,6.0,AS6,X,14.5,10.6,3.0,3.0,299.0
FORD,EXPLORER FFV AWD,SUV - STANDARD,3.5,6.0,AS6,E,19.7,14.3,3.0,3.0,288.0
FORD,F-150,PICKUP TRUCK - STANDARD,2.7,6.0,AS10,X,11.9,9.0,4.0,5.0,249.0
FORD,F-150 (LT Tire Pkg),PICKUP TRUCK - STANDARD,2.7,6.0,AS10,X,12.0,9.4,4.0,5.0,253.0
FORD,F-150 (Payload Pkg),PICKUP TRUCK - STANDARD,2.7,6.0,AS10,X,12.3,9.4,4.0,5.0,258.0
FORD,F-150,PICKUP TRUCK - STANDARD,3.0,6.0,AS10,D,10.8,8.0,4.0,1.0,256.0
FORD,F-150 (LT Tire Pkg),PICKUP TRUCK - STANDARD,3.0,6.0,AS10,D,10.8,8.4,4.0,1.0,260.0
FORD,F-150,PICKUP TRUCK - STANDARD,3.3,6.0,AS6,X,12.3,9.4,4.0,5.0,259.0
FORD,F-150 FFV,PICKUP TRUCK - STANDARD,3.3,6.0,AS6,X,12.3,9.3,4.0,5.0,257.0
FORD,F-150 FFV,PICKUP TRUCK - STANDARD,3.3,6.0,AS6,E,16.8,12.7,4.0,5.0,248.0
FORD,F-150 (LT Tire Pkg),PICKUP TRUCK - STANDARD,3.3,6.0,AS6,X,12.4,9.8,4.0,5.0,263.0
FORD,F-150 FFV (LT Tire Pkg),PICKUP TRUCK - STANDARD,3.3,6.0,AS6,X,12.4,9.8,4.0,5.0,263.0
FORD,F-150 FFV (LT Tire Pkg),PICKUP TRUCK - STANDARD,3.3,6.0,AS6,E,16.8,12.7,4.0,5.0,248.0
FORD,F-150,PICKUP TRUCK - STANDARD,3.5,6.0,AS10,X,13.6,10.1,4.0,5.0,282.0
FORD,F-150 (LT Tire Pkg),PICKUP TRUCK - STANDARD,3.5,6.0,AS10,X,13.6,10.7,3.0,5.0,288.0
FORD,F-150 (Payload Pkg),PICKUP TRUCK - STANDARD,3.5,6.0,AS10,X,13.7,11.2,3.0,5.0,293.0
FORD,F-150,PICKUP TRUCK - STANDARD,5.0,8.0,AS10,X,14.1,10.4,3.0,3.0,292.0
FORD,F-150 FFV,PICKUP TRUCK - STANDARD,5.0,8.0,AS10,X,13.9,10.2,3.0,3.0,286.0
FORD,F-150 FFV,PICKUP TRUCK - STANDARD,5.0,8.0,AS10,E,20.2,14.0,3.0,3.0,288.0
FORD,F-150 (LT Tire Pkg),PICKUP TRUCK - STANDARD,5.0,8.0,AS10,X,14.7,11.2,3.0,3.0,308.0
FORD,F-150 FFV (LT Tire Pkg),PICKUP TRUCK - STANDARD,5.0,8.0,AS10,X,14.7,11.2,3.0,3.0,307.0
FORD,F-150 FFV (LT Tire Pkg),PICKUP TRUCK - STANDARD,5.0,8.0,AS10,E,20.2,14.0,3.0,3.0,288.0
FORD,F-150 (Payload Pkg),PICKUP TRUCK - STANDARD,5.0,8.0,AS10,X,14.7,11.8,3.0,3.0,324.0
FORD,F-150 FFV (Payload Pkg),PICKUP TRUCK - STANDARD,5.0,8.0,AS10,X,14.7,11.8,3.0,3.0,323.0
FORD,F-150 FFV (Payload Pkg),PICKUP TRUCK - STANDARD,5.0,8.0,AS10,E,20.3,14.0,3.0,3.0,288.0
FORD,F-150 4X4,PICKUP TRUCK - STANDARD,2.7,6.0,AS10,X,12.6,9.8,4.0,5.0,265.0
FORD,F-150 4X4 (LT Tire Pkg),PICKUP TRUCK - STANDARD,2.7,6.0,AS10,X,13.1,10.2,4.0,5.0,277.0
FORD,F-150 4X4 (Payload Pkg),PICKUP TRUCK - STANDARD,2.7,6.0,AS10,X,13.1,9.8,4.0,5.0,272.0
FORD,F-150 4X4,PICKUP TRUCK - STANDARD,3.0,6.0,AS10,D,11.8,9.3,3.0,1.0,288.0
FORD,F-150 4X4 (LT Tire Pkg),PICKUP TRUCK - STANDARD,3.0,6.0,AS10,D,11.8,9.3,3.0,1.0,288.0
FORD,F-150 4X4 XL/XLT,PICKUP TRUCK - STANDARD,3.0,6.0,AS10,D,11.2,8.4,4.0,1.0,266.0
FORD,F-150 4X4,PICKUP TRUCK - STANDARD,3.3,6.0,AS6,X,13.0,10.3,4.0,5.0,277.0
FORD,F-150 FFV 4X4,PICKUP TRUCK - STANDARD,3.3,6.0,AS6,X,12.9,10.2,4.0,5.0,273.0
FORD,F-150 FFV 4X4,PICKUP TRUCK - STANDARD,3.3,6.0,AS6,E,17.6,13.7,4.0,5.0,263.0
FORD,F-150 4X4 (LT Tire Pkg),PICKUP TRUCK - STANDARD,3.3,6.0,AS6,X,13.8,10.7,3.0,5.0,291.0
FORD,F-150 FFV 4X4 (LT Tire Pkg),PICKUP TRUCK - STANDARD,3.3,6.0,AS6,X,13.8,10.7,3.0,5.0,291.0
FORD,F-150 FFV 4X4 (LT Tire Pkg),PICKUP TRUCK - STANDARD,3.3,6.0,AS6,E,17.5,13.7,4.0,5.0,262.0
FORD,F-150 4X4,PICKUP TRUCK - STANDARD,3.5,6.0,AS10,X,14.3,10.5,3.0,5.0,295.0
FORD,F-150 4X4 (LT Tire Pkg),PICKUP TRUCK - STANDARD,3.5,6.0,AS10,X,14.4,10.6,3.0,5.0,297.0
FORD,F-150 4X4 (Payload Pkg),PICKUP TRUCK - STANDARD,3.5,6.0,AS10,X,14.5,11.2,3.0,5.0,305.0
FORD,F-150 4X4,PICKUP TRUCK - STANDARD,5.0,8.0,AS10,X,14.6,10.9,3.0,3.0,304.0
FORD,F-150 FFV 4X4,PICKUP TRUCK - STANDARD,5.0,8.0,AS10,X,15.1,11.0,3.0,3.0,311.0
FORD,F-150 FFV 4X4,PICKUP TRUCK - STANDARD,5.0,8.0,AS10,E,20.0,15.6,3.0,3.0,300.0
FORD,F-150 4X4 (LT Tire Pkg),PICKUP TRUCK - STANDARD,5.0,8.0,AS10,X,14.7,11.8,3.0,3.0,324.0
FORD,F-150 FFV 4X4 (LT Tire Pkg),PICKUP TRUCK - STANDARD,5.0,8.0,AS10,X,15.1,11.8,3.0,3.0,324.0
FORD,F-150 FFV 4X4 (LT Tire Pkg),PICKUP TRUCK - STANDARD,5.0,8.0,AS10,E,20.0,15.6,3.0,3.0,300.0
FORD,F-150 4X4 (Payload Pkg),PICKUP TRUCK - STANDARD,5.0,8.0,AS10,X,15.7,12.4,3.0,3.0,334.0
FORD,F-150 FFV 4X4 (Payload Pkg),PICKUP TRUCK - STANDARD,5.0,8.0,AS10,X,16.1,12.4,2.0,3.0,339.0
FORD,F-150 FFV 4X4 (Payload Pkg),PICKUP TRUCK - STANDARD,5.0,8.0,AS10,E,21.4,17.2,3.0,3.0,325.0
FORD,F-150 RAPTOR 4WD,PICKUP TRUCK - STANDARD,3.5,6.0,AS10,X,15.6,13.2,2.0,3.0,339.0
FORD,FIESTA,SUBCOMPACT,1.6,4.0,AM6,X,8.6,6.4,7.0,3.0,179.0
FORD,FIESTA,SUBCOMPACT,1.6,4.0,M5,X,8.6,6.7,7.0,3.0,182.0
FORD,FIESTA ST,SUBCOMPACT,1.6,4.0,M6,X,9.0,7.1,6.0,3.0,192.0
FORD,FLEX,SUV - STANDARD,3.5,6.0,AS6,X,14.7,10.2,3.0,3.0,298.0
FORD,FLEX AWD,SUV - STANDARD,3.5,6.0,AS6,X,14.7,10.7,3.0,3.0,303.0
FORD,FLEX AWD GTDI,SUV - STANDARD,3.5,6.0,AS6,X,15.7,11.2,3.0,3.0,322.0
FORD,FOCUS,COMPACT,1.0,3.0,AS6,X,8.5,6.2,7.0,3.0,176.0
FORD,FOCUS,COMPACT,1.0,3.0,M6,X,7.9,5.9,8.0,3.0,164.0
FORD,FOCUS,COMPACT,2.0,4.0,AM6,X,8.9,6.1,7.0,7.0,179.0
FORD,FOCUS,COMPACT,2.0,4.0,AS6,X,9.8,7.0,6.0,7.0,200.0
FORD,FOCUS,COMPACT,2.0,4.0,M5,X,9.5,6.9,6.0,7.0,196.0
FORD,FOCUS RS AWD,MID-SIZE,2.3,4.0,M6,Z,12.2,9.0,4.0,3.0,252.0
FORD,FOCUS ST,MID-SIZE,2.0,4.0,M6,X,10.5,7.8,5.0,3.0,219.0
FORD,FUSION,MID-SIZE,1.5,4.0,AS6,X,10.0,7.0,6.0,7.0,203.0
FORD,FUSION,MID-SIZE,2.0,4.0,AS6,X,11.2,7.6,5.0,5.0,225.0
FORD,FUSION,MID-SIZE,2.5,4.0,A6,X,11.3,7.4,5.0,5.0,223.0
FORD,FUSION AWD,MID-SIZE,2.0,4.0,AS6,X,11.8,8.2,5.0,5.0,238.0
FORD,FUSION AWD,MID-SIZE,2.7,6.0,AS6,X,13.8,9.1,4.0,5.0,277.0
FORD,FUSION HYBRID,MID-SIZE,2.0,4.0,AV,X,5.5,5.6,9.0,7.0,131.0
FORD,GT,TWO-SEATER,3.5,6.0,AM7,Z,20.4,13.1,1.0,3.0,403.0
FORD,MUSTANG,SUBCOMPACT,2.3,4.0,AS10,X,11.0,7.4,5.0,5.0,219.0
FORD,MUSTANG (Performance Pkg),SUBCOMPACT,2.3,4.0,AS10,X,11.8,8.1,5.0,5.0,236.0
FORD,MUSTANG,SUBCOMPACT,2.3,4.0,M6,X,11.0,7.7,5.0,5.0,222.0
FORD,MUSTANG (Performance Pkg),SUBCOMPACT,2.3,4.0,M6,X,11.8,8.4,5.0,5.0,240.0
FORD,MUSTANG,SUBCOMPACT,5.0,8.0,AS10,X,15.1,9.3,3.0,3.0,291.0
FORD,MUSTANG,SUBCOMPACT,5.0,8.0,M6,X,15.5,9.5,3.0,3.0,300.0
FORD,MUSTANG CONVERTIBLE,SUBCOMPACT,2.3,4.0,AS10,X,11.8,8.2,5.0,5.0,238.0
FORD,MUSTANG CONVERTIBLE,SUBCOMPACT,2.3,4.0,M6,X,11.8,8.4,5.0,5.0,240.0
FORD,MUSTANG CONVERTIBLE,SUBCOMPACT,5.0,8.0,AS10,X,15.5,10.0,3.0,3.0,305.0
FORD,SHELBY GT350 MUSTANG,SUBCOMPACT,5.2,8.0,M6,Z,17.2,11.3,2.0,3.0,341.0
FORD,T-150 WAGON,VAN - PASSENGER,3.5,6.0,AS6,X,16.2,12.8,2.0,1.0,345.0
FORD,T-150 WAGON,VAN - PASSENGER,3.7,6.0,AS6,X,16.8,13.1,2.0,1.0,354.0
FORD,TAURUS FFV,FULL-SIZE,3.5,6.0,AS6,X,13.1,8.7,4.0,3.0,260.0
FORD,TAURUS FFV,FULL-SIZE,3.5,6.0,AS6,E,17.6,11.7,4.0,3.0,249.0
FORD,TAURUS AWD,FULL-SIZE,3.5,6.0,AS6,X,14.6,10.0,3.0,3.0,294.0
FORD,TAURUS FFV AWD,FULL-SIZE,3.5,6.0,AS6,X,13.6,9.9,3.0,3.0,291.0
FORD,TAURUS FFV AWD,FULL-SIZE,3.5,6.0,AS6,E,18.7,13.4,4.0,3.0,271.0
FORD,TRANSIT CONNECT VAN FFV,SPECIAL PURPOSE VEHICLE,2.5,4.0,AS6,X,11.9,8.7,5.0,3.0,244.0
FORD,TRANSIT CONNECT VAN FFV,SPECIAL PURPOSE VEHICLE,2.5,4.0,AS6,E,16.2,11.9,5.0,3.0,234.0
FORD,TRANSIT CONNECT WAGON LWB FFV,SPECIAL PURPOSE VEHICLE,2.5,4.0,AS6,X,12.3,8.8,4.0,3.0,251.0
FORD,TRANSIT CONNECT WAGON LWB FFV,SPECIAL PURPOSE VEHICLE,2.5,4.0,AS6,E,16.8,12.1,5.0,3.0,241.0
GENESIS,G80 AWD,FULL-SIZE,3.3,6.0,AS8,Z,13.8,9.7,4.0,3.0,282.0
GENESIS,G80 AWD,FULL-SIZE,3.8,6.0,AS8,X,13.4,9.6,4.0,5.0,276.0
GENESIS,G80 AWD,FULL-SIZE,5.0,8.0,AS8,Z,15.6,10.4,3.0,5.0,312.0
GENESIS,G90 AWD,FULL-SIZE,3.3,6.0,AS8,Z,13.7,9.7,4.0,3.0,279.0
GENESIS,G90 AWD,FULL-SIZE,5.0,8.0,AS8,Z,15.2,10.2,3.0,5.0,306.0
GMC,ACADIA,SUV - STANDARD,2.5,4.0,A6,X,11.0,9.2,5.0,3.0,239.0
GMC,ACADIA,SUV - STANDARD,3.6,6.0,A6,X,13.1,9.4,4.0,5.0,268.0
GMC,ACADIA AWD,SUV - STANDARD,2.5,4.0,A6,X,11.2,9.4,5.0,3.0,243.0
GMC,ACADIA AWD,SUV - STANDARD,3.6,6.0,A6,X,13.5,9.5,4.0,5.0,275.0
GMC,CANYON,PICKUP TRUCK - SMALL,2.5,4.0,A6,X,12.1,9.2,4.0,5.0,253.0
GMC,CANYON,PICKUP TRUCK - SMALL,2.5,4.0,M6,X,11.9,9.2,4.0,5.0,251.0
GMC,CANYON,PICKUP TRUCK - SMALL,2.8,4.0,A6,D,10.8,8.0,4.0,3.0,257.0
GMC,CANYON,PICKUP TRUCK - SMALL,3.6,6.0,A8,X,13.4,9.6,4.0,5.0,274.0
GMC,CANYON 4WD,PICKUP TRUCK - SMALL,2.5,4.0,A6,X,12.6,9.8,4.0,5.0,266.0
GMC,CANYON 4WD,PICKUP TRUCK - SMALL,2.8,4.0,A6,D,12.1,8.3,4.0,3.0,279.0
GMC,CANYON 4WD,PICKUP TRUCK - SMALL,3.6,6.0,A8,X,14.1,10.0,3.0,5.0,288.0
GMC,SIERRA FFV,PICKUP TRUCK - STANDARD,4.3,6.0,A6,X,13.4,10.0,4.0,5.0,278.0
GMC,SIERRA FFV,PICKUP TRUCK - STANDARD,4.3,6.0,A6,E,19.3,14.4,3.0,5.0,284.0
GMC,SIERRA,PICKUP TRUCK - STANDARD,5.3,8.0,A6,X,14.6,10.3,3.0,3.0,298.0
GMC,SIERRA FFV,PICKUP TRUCK - STANDARD,5.3,8.0,A6,X,14.6,10.3,3.0,3.0,298.0
GMC,SIERRA FFV,PICKUP TRUCK - STANDARD,5.3,8.0,A6,E,19.7,13.9,4.0,3.0,283.0
GMC,SIERRA,PICKUP TRUCK - STANDARD,5.3,8.0,A8,X,14.9,10.9,3.0,3.0,307.0
GMC,SIERRA,PICKUP TRUCK - STANDARD,6.2,8.0,A8,Z,15.9,11.2,3.0,3.0,323.0
GMC,SIERRA eASSIST,PICKUP TRUCK - STANDARD,5.3,8.0,A8,X,13.4,10.0,4.0,3.0,278.0
GMC,SIERRA 4WD FFV,PICKUP TRUCK - STANDARD,4.3,6.0,A6,X,14.1,10.6,3.0,5.0,294.0
GMC,SIERRA 4WD FFV,PICKUP TRUCK - STANDARD,4.3,6.0,A6,E,20.2,15.2,3.0,5.0,296.0
GMC,SIERRA 4WD,PICKUP TRUCK - STANDARD,5.3,8.0,A6,X,15.0,10.7,3.0,3.0,307.0
GMC,SIERRA 4WD FFV,PICKUP TRUCK - STANDARD,5.3,8.0,A6,X,15.0,10.7,3.0,3.0,307.0
GMC,SIERRA 4WD FFV,PICKUP TRUCK - STANDARD,5.3,8.0,A6,E,21.0,15.0,3.0,3.0,309.0
GMC,SIERRA 4WD,PICKUP TRUCK - STANDARD,5.3,8.0,A8,X,15.6,11.6,3.0,3.0,324.0
GMC,SIERRA 4WD,PICKUP TRUCK - STANDARD,6.2,8.0,A8,Z,16.0,11.7,3.0,3.0,331.0
GMC,SIERRA eASSIST 4WD,PICKUP TRUCK - STANDARD,5.3,8.0,A8,X,14.4,11.2,3.0,3.0,304.0
GMC,TERRAIN,SUV - SMALL,1.5,4.0,A9,X,9.2,7.9,6.0,5.0,201.0
GMC,TERRAIN,SUV - SMALL,1.6,4.0,A6,D,8.5,6.0,6.0,3.0,198.0
GMC,TERRAIN AWD,SUV - SMALL,1.5,4.0,A9,X,9.6,8.3,5.0,5.0,210.0
GMC,TERRAIN AWD,SUV - SMALL,1.6,4.0,A6,D,8.5,6.1,6.0,3.0,198.0
GMC,TERRAIN AWD,SUV - SMALL,2.0,4.0,A9,Z,11.2,9.0,5.0,5.0,239.0
GMC,YUKON,SUV - STANDARD,5.3,8.0,A6,X,15.1,10.4,3.0,3.0,305.0
GMC,YUKON FFV,SUV - STANDARD,5.3,8.0,A6,X,15.1,10.4,3.0,3.0,305.0
GMC,YUKON FFV,SUV - STANDARD,5.3,8.0,A6,E,19.8,13.9,3.0,3.0,285.0
GMC,YUKON 4WD,SUV - STANDARD,5.3,8.0,A6,X,15.2,10.8,3.0,3.0,310.0
GMC,YUKON 4WD FFV,SUV - STANDARD,5.3,8.0,A6,X,15.2,10.8,3.0,3.0,310.0
GMC,YUKON 4WD FFV,SUV - STANDARD,5.3,8.0,A6,E,20.8,14.5,3.0,3.0,299.0
GMC,YUKON 4WD,SUV - STANDARD,6.2,8.0,A10,Z,16.4,10.7,3.0,3.0,325.0
GMC,YUKON XL,SUV - STANDARD,5.3,8.0,A6,X,15.1,10.4,3.0,3.0,305.0
GMC,YUKON XL FFV,SUV - STANDARD,5.3,8.0,A6,X,15.1,10.4,3.0,3.0,305.0
GMC,YUKON XL FFV,SUV - STANDARD,5.3,8.0,A6,E,19.8,13.9,3.0,3.0,285.0
GMC,YUKON XL 4WD,SUV - STANDARD,5.3,8.0,A6,X,15.3,10.9,3.0,3.0,313.0
GMC,YUKON XL 4WD FFV,SUV - STANDARD,5.3,8.0,A6,X,15.3,10.9,3.0,3.0,312.0
GMC,YUKON XL 4WD FFV,SUV - STANDARD,5.3,8.0,A6,E,22.3,15.7,3.0,3.0,321.0
GMC,YUKON XL 4WD,SUV - STANDARD,6.2,8.0,A10,Z,17.1,11.3,2.0,3.0,340.0
HONDA,ACCORD,FULL-SIZE,1.5,4.0,AV,X,7.9,6.3,8.0,7.0,168.0
HONDA,ACCORD,FULL-SIZE,1.5,4.0,AV7,X,8.2,6.8,7.0,7.0,177.0
HONDA,ACCORD,FULL-SIZE,1.5,4.0,M6,X,8.9,6.7,7.0,6.0,185.0
HONDA,ACCORD,FULL-SIZE,2.0,4.0,M6,X,10.7,7.3,5.0,6.0,214.0
HONDA,ACCORD SPORT/TOURING,MID-SIZE,2.0,4.0,AS10,X,10.4,7.4,5.0,7.0,211.0
HONDA,ACCORD HYBRID,FULL-SIZE,2.0,4.0,AV,X,5.0,5.1,10.0,7.0,118.0
HONDA,CIVIC COUPE,COMPACT,1.5,4.0,AV,X,7.5,5.9,8.0,3.0,158.0
HONDA,CIVIC COUPE,COMPACT,1.5,4.0,M6,X,7.7,5.7,8.0,3.0,158.0
HONDA,CIVIC COUPE,COMPACT,2.0,4.0,AV,X,7.8,6.0,8.0,3.0,163.0
HONDA,CIVIC COUPE,COMPACT,2.0,4.0,M6,X,8.5,6.1,7.0,3.0,173.0
HONDA,CIVIC COUPE Si,COMPACT,1.5,4.0,M6,Z,8.4,6.2,7.0,3.0,173.0
HONDA,CIVIC HATCHBACK,FULL-SIZE,1.5,4.0,AV,X,7.7,6.0,8.0,3.0,162.0
HONDA,CIVIC HATCHBACK,FULL-SIZE,1.5,4.0,AV7,X,7.9,6.6,7.0,3.0,170.0
HONDA,CIVIC HATCHBACK,FULL-SIZE,1.5,4.0,M6,X,8.0,6.2,8.0,3.0,167.0
HONDA,CIVIC HATCHBACK SPORT,FULL-SIZE,1.5,4.0,AV7,Z,7.9,6.6,7.0,3.0,170.0
HONDA,CIVIC HATCHBACK SPORT,FULL-SIZE,1.5,4.0,M6,Z,8.0,6.2,8.0,3.0,167.0
HONDA,CIVIC SEDAN,MID-SIZE,1.5,4.0,AV,X,7.4,5.6,8.0,3.0,153.0
HONDA,CIVIC SEDAN,MID-SIZE,2.0,4.0,AV,X,7.8,6.0,8.0,3.0,163.0
HONDA,CIVIC SEDAN,MID-SIZE,2.0,4.0,M6,X,8.5,6.0,7.0,3.0,172.0
HONDA,CIVIC SEDAN Si,MID-SIZE,1.5,4.0,M6,Z,8.4,6.2,7.0,3.0,173.0
HONDA,CIVIC TYPE R,FULL-SIZE,2.0,4.0,M6,Z,10.6,8.3,5.0,3.0,224.0
HONDA,CR-V,SUV - SMALL,1.5,4.0,AV,X,8.4,7.0,7.0,5.0,181.0
HONDA,CR-V AWD,SUV - SMALL,1.5,4.0,AV,X,8.7,7.2,6.0,5.0,188.0
HONDA,FIT,STATION WAGON - SMALL,1.5,4.0,AV,X,7.0,5.9,8.0,7.0,151.0
HONDA,FIT,STATION WAGON - SMALL,1.5,4.0,AV7,X,7.6,6.5,8.0,7.0,166.0
HONDA,FIT,STATION WAGON - SMALL,1.5,4.0,M6,X,8.1,6.6,7.0,3.0,174.0
HONDA,HR-V,STATION WAGON - SMALL,1.8,4.0,AV,X,8.3,6.9,7.0,3.0,180.0
HONDA,HR-V,STATION WAGON - SMALL,1.8,4.0,AV7,X,8.3,6.9,7.0,3.0,180.0
HONDA,HR-V,STATION WAGON - SMALL,1.8,4.0,M6,X,9.4,7.1,6.0,3.0,195.0
HONDA,HR-V AWD,STATION WAGON - SMALL,1.8,4.0,AV,X,8.9,7.5,6.0,3.0,194.0
HONDA,HR-V AWD,STATION WAGON - SMALL,1.8,4.0,AV7,X,8.9,7.5,6.0,3.0,194.0
HONDA,ODYSSEY,MINIVAN,3.5,6.0,AS9,X,12.6,8.4,4.0,3.0,252.0
HONDA,ODYSSEY TOURING,MINIVAN,3.5,6.0,AS10,X,12.2,8.5,4.0,3.0,247.0
HONDA,PILOT AWD,SUV - SMALL,3.5,6.0,A6,X,13.0,9.3,4.0,3.0,266.0
HONDA,PILOT AWD,SUV - SMALL,3.5,6.0,AS9,X,12.4,9.3,4.0,3.0,256.0
HONDA,RIDGELINE AWD,PICKUP TRUCK - STANDARD,3.5,6.0,A6,X,12.8,9.5,4.0,3.0,264.0
HYUNDAI,ELANTRA,MID-SIZE,1.6,4.0,AM7,X,8.9,7.0,6.0,3.0,189.0
HYUNDAI,ACCENT,COMPACT,1.6,4.0,AS6,X,8.3,6.2,7.0,3.0,173.0
HYUNDAI,ACCENT,COMPACT,1.6,4.0,M6,X,8.2,6.3,7.0,3.0,173.0
HYUNDAI,ELANTRA,MID-SIZE,1.6,4.0,M6,X,10.7,7.8,5.0,3.0,221.0
HYUNDAI,ELANTRA,MID-SIZE,2.0,4.0,AS6,X,8.3,6.4,7.0,5.0,174.0
HYUNDAI,ELANTRA,MID-SIZE,2.0,4.0,M6,X,9.3,6.4,6.0,5.0,188.0
HYUNDAI,ELANTRA GT,FULL-SIZE,1.6,4.0,AM7,X,9.2,7.1,6.0,3.0,194.0
HYUNDAI,ELANTRA GT,FULL-SIZE,1.6,4.0,M6,X,10.7,8.1,5.0,3.0,226.0
HYUNDAI,ELANTRA GT,FULL-SIZE,2.0,4.0,AS6,X,9.4,7.2,6.0,3.0,198.0
HYUNDAI,ELANTRA GT,FULL-SIZE,2.0,4.0,M6,X,9.8,7.3,6.0,3.0,205.0
HYUNDAI,IONIQ,FULL-SIZE,1.6,4.0,AM6,X,4.3,4.4,10.0,7.0,102.0
HYUNDAI,IONIQ BLUE,FULL-SIZE,1.6,4.0,AM6,X,4.2,4.0,10.0,7.0,96.0
HYUNDAI,KONA,SUV - SMALL,2.0,4.0,AS6,X,8.6,7.0,7.0,5.0,186.0
HYUNDAI,KONA AWD,SUV - SMALL,1.6,4.0,AM7,X,9.0,8.0,6.0,5.0,201.0
HYUNDAI,KONA AWD,SUV - SMALL,2.0,4.0,AS6,X,9.2,7.8,6.0,5.0,202.0
HYUNDAI,SANTA FE,SUV - SMALL,3.3,6.0,AS6,X,12.9,9.4,4.0,3.0,265.0
HYUNDAI,SANTA FE AWD,SUV - SMALL,3.3,6.0,AS6,X,13.0,9.7,4.0,3.0,269.0
HYUNDAI,SANTA FE ULTIMATE AWD,SUV - SMALL,3.3,6.0,AS6,X,13.9,10.8,3.0,3.0,295.0
HYUNDAI,SANTA FE SPORT,SUV - SMALL,2.4,4.0,AS6,X,11.1,8.6,5.0,5.0,235.0
HYUNDAI,SANTA FE SPORT AWD,SUV - SMALL,2.4,4.0,AS6,X,12.0,9.1,4.0,5.0,253.0
HYUNDAI,SANTA FE SPORT ULTIMATE AWD,SUV - SMALL,2.0,4.0,AS6,X,12.5,9.6,4.0,3.0,264.0
HYUNDAI,SONATA,FULL-SIZE,2.0,4.0,AS8,X,10.4,7.4,5.0,5.0,212.0
HYUNDAI,SONATA,FULL-SIZE,2.4,4.0,AS6,X,9.8,6.9,6.0,5.0,202.0
HYUNDAI,SONATA HYBRID,MID-SIZE,2.0,4.0,AM6,X,6.0,5.3,9.0,7.0,135.0
HYUNDAI,SONATA HYBRID SE,MID-SIZE,2.0,4.0,AM6,X,5.9,5.1,9.0,7.0,132.0
HYUNDAI,TUCSON,SUV - SMALL,2.0,4.0,AS6,X,10.1,7.8,5.0,3.0,213.0
HYUNDAI,TUCSON AWD,SUV - SMALL,1.6,4.0,AM7,X,9.9,8.5,5.0,3.0,221.0
HYUNDAI,TUCSON AWD,SUV - SMALL,2.0,4.0,AS6,X,11.0,9.1,5.0,3.0,241.0
INFINITI,Q50 AWD,MID-SIZE,2.0,4.0,AS7,Z,10.7,8.6,5.0,3.0,228.0
INFINITI,Q50 AWD,MID-SIZE,3.0,6.0,AS7,Z,12.4,8.7,4.0,3.0,253.0
INFINITI,Q50 AWD RED SPORT,MID-SIZE,3.0,6.0,AS7,Z,12.5,9.3,4.0,3.0,260.0
INFINITI,Q50 HYBRID AWD,COMPACT,3.5,6.0,AS7,Z,9.1,7.7,6.0,3.0,200.0
INFINITI,Q60 AWD,SUBCOMPACT,2.0,4.0,AS7,Z,11.2,8.5,5.0,3.0,233.0
INFINITI,Q60 AWD,SUBCOMPACT,3.0,6.0,AS7,Z,12.3,8.6,4.0,3.0,251.0
INFINITI,Q60 AWD RED SPORT,SUBCOMPACT,3.0,6.0,AS7,Z,12.5,9.2,4.0,3.0,259.0
INFINITI,Q70 AWD,MID-SIZE,3.7,6.0,AS7,Z,13.2,9.8,4.0,3.0,274.0
INFINITI,Q70 AWD,MID-SIZE,5.6,8.0,AS7,Z,14.9,10.3,3.0,3.0,301.0
INFINITI,QX30,COMPACT,2.0,4.0,AM7,Z,9.7,7.1,6.0,3.0,200.0
INFINITI,QX30 AWD,COMPACT,2.0,4.0,AM7,Z,10.6,8.0,5.0,3.0,221.0
INFINITI,QX60 AWD,SUV - SMALL,3.5,6.0,AV7,Z,12.5,9.0,4.0,3.0,257.0
INFINITI,QX80 4WD,SUV - STANDARD,5.6,8.0,AS7,Z,17.4,12.2,2.0,3.0,354.0
JAGUAR,F-PACE 20d,SUV - SMALL,2.0,4.0,AS8,D,8.9,7.2,5.0,1.0,218.0
JAGUAR,F-PACE 25t,SUV - SMALL,2.0,4.0,AS8,Z,10.7,8.8,5.0,7.0,227.0
JAGUAR,F-PACE 35t,SUV - SMALL,3.0,6.0,AS8,Z,13.3,10.0,4.0,7.0,277.0
JAGUAR,F-TYPE CONVERTIBLE,TWO-SEATER,2.0,4.0,AS8,Z,10.2,7.8,5.0,7.0,215.0
JAGUAR,F-TYPE CONVERTIBLE,TWO-SEATER,3.0,6.0,AS8,Z,11.9,8.5,5.0,7.0,242.0
JAGUAR,F-TYPE CONVERTIBLE,TWO-SEATER,3.0,6.0,M6,Z,14.9,9.8,3.0,7.0,296.0
JAGUAR,F-TYPE CONVERTIBLE R-DYNAMIC,TWO-SEATER,3.0,6.0,AS8,Z,12.4,8.8,4.0,7.0,253.0
JAGUAR,F-TYPE CONVERTIBLE R-DYNAMIC,TWO-SEATER,3.0,6.0,M6,Z,15.3,10.0,3.0,7.0,302.0
JAGUAR,F-TYPE CONVERTIBLE R-DYNAMIC AWD,TWO-SEATER,3.0,6.0,AS8,Z,13.0,9.2,4.0,7.0,265.0
JAGUAR,F-TYPE COUPE,TWO-SEATER,2.0,4.0,AS8,Z,10.2,7.8,5.0,7.0,215.0
JAGUAR,F-TYPE COUPE,TWO-SEATER,3.0,6.0,AS8,Z,11.9,8.5,5.0,7.0,242.0
JAGUAR,F-TYPE COUPE,TWO-SEATER,3.0,6.0,M6,Z,14.9,9.8,3.0,7.0,296.0
JAGUAR,F-TYPE COUPE R-DYNAMIC,TWO-SEATER,3.0,6.0,AS8,Z,12.4,8.8,4.0,7.0,253.0
JAGUAR,F-TYPE COUPE R-DYNAMIC,TWO-SEATER,3.0,6.0,M6,Z,15.3,10.0,3.0,7.0,302.0
JAGUAR,F-TYPE COUPE R-DYNAMIC AWD,TWO-SEATER,3.0,6.0,AS8,Z,13.0,9.2,4.0,7.0,265.0
JAGUAR,F-TYPE R AWD CONVERTIBLE,TWO-SEATER,5.0,8.0,AS8,Z,15.6,10.4,3.0,3.0,311.0
JAGUAR,F-TYPE R AWD COUPE,TWO-SEATER,5.0,8.0,AS8,Z,15.6,10.4,3.0,3.0,311.0
JAGUAR,XE 20d AWD,COMPACT,2.0,4.0,AS8,D,7.8,5.8,7.0,1.0,186.0
JAGUAR,XE 25t AWD,COMPACT,2.0,4.0,AS8,Z,9.8,6.9,6.0,7.0,200.0
JAGUAR,XE 35t AWD,COMPACT,3.0,6.0,AS8,Z,11.8,8.2,5.0,7.0,238.0
JAGUAR,XF 20d AWD,MID-SIZE,2.0,4.0,AS8,D,7.8,5.8,7.0,1.0,186.0
JAGUAR,XF 25t AWD,MID-SIZE,2.0,4.0,AS8,Z,10.1,7.2,6.0,7.0,207.0
JAGUAR,XF 35t AWD,MID-SIZE,3.0,6.0,AS8,Z,12.0,8.4,5.0,7.0,243.0
JAGUAR,XJ R-SPORT AWD,FULL-SIZE,3.0,6.0,AS8,Z,14.0,9.0,4.0,7.0,276.0
JAGUAR,XJL PORTFOLIO AWD,FULL-SIZE,3.0,6.0,AS8,Z,14.0,9.4,4.0,7.0,280.0
JAGUAR,XJR LWB,FULL-SIZE,5.0,8.0,AS8,Z,15.8,10.3,3.0,3.0,313.0
JEEP,CHEROKEE FFV,SUV - SMALL,2.4,4.0,A9,X,11.0,7.8,5.0,3.0,225.0
JEEP,CHEROKEE FFV,SUV - SMALL,2.4,4.0,A9,E,15.5,10.5,5.0,3.0,218.0
JEEP,CHEROKEE,SUV - SMALL,3.2,6.0,A9,X,11.4,8.3,5.0,3.0,234.0
JEEP,CHEROKEE 4X4 ACTIVE DRIVE I,SUV - SMALL,2.4,4.0,A9,X,11.3,8.4,5.0,3.0,235.0
JEEP,CHEROKEE 4X4 ACTIVE DRIVE I FFV,SUV - SMALL,2.4,4.0,A9,X,11.3,8.4,5.0,3.0,235.0
JEEP,CHEROKEE 4X4 ACTIVE DRIVE I FFV,SUV - SMALL,2.4,4.0,A9,E,16.3,11.3,5.0,3.0,231.0
JEEP,CHEROKEE 4X4 ACTIVE DRIVE I,SUV - SMALL,3.2,6.0,A9,X,11.6,8.6,5.0,3.0,241.0
JEEP,CHEROKEE 4X4 ACTIVE DRIVE II,SUV - SMALL,2.4,4.0,A9,X,11.4,8.7,5.0,1.0,239.0
JEEP,CHEROKEE 4X4 ACTIVE DRIVE II,SUV - SMALL,3.2,6.0,A9,X,12.8,9.0,4.0,3.0,259.0
JEEP,CHEROKEE 4X4 ACTIVE DRIVE LOCK,SUV - SMALL,2.4,4.0,A9,X,12.1,9.4,4.0,1.0,256.0
JEEP,CHEROKEE 4X4 ACTIVE DRIVE LOCK,SUV - SMALL,3.2,6.0,A9,X,12.9,9.9,4.0,3.0,269.0
JEEP,COMPASS,SUV - SMALL,2.4,4.0,A6,X,10.6,7.6,5.0,7.0,218.0
JEEP,COMPASS,SUV - SMALL,2.4,4.0,M6,X,10.4,7.3,5.0,3.0,211.0
JEEP,COMPASS 4X4,SUV - SMALL,2.4,4.0,A9,X,10.8,7.8,5.0,7.0,222.0
JEEP,COMPASS 4X4,SUV - SMALL,2.4,4.0,M6,X,10.8,7.6,5.0,3.0,221.0
JEEP,GRAND CHEROKEE 4X4,SUV - STANDARD,3.0,6.0,A8,D,11.2,8.5,4.0,1.0,268.0
JEEP,GRAND CHEROKEE 4X4,SUV - STANDARD,3.6,6.0,A8,X,12.7,9.6,4.0,5.0,265.0
JEEP,GRAND CHEROKEE 4X4,SUV - STANDARD,5.7,8.0,A8,X,16.7,10.9,3.0,3.0,331.0
JEEP,GRAND CHEROKEE 4X4 SRT,SUV - STANDARD,6.4,8.0,A8,Z,18.3,12.6,2.0,1.0,368.0
JEEP,GRAND CHEROKEE 4X4 TRACKHAWK,SUV - STANDARD,6.2,8.0,A8,Z,20.9,13.8,1.0,1.0,413.0
JEEP,NEW WRANGLER 4X4,SUV - SMALL,2.0,4.0,A8,X,10.5,9.4,5.0,5.0,233.0
JEEP,NEW WRANGLER 4X4,SUV - SMALL,3.6,6.0,A8,X,12.8,10.4,4.0,5.0,274.0
JEEP,NEW WRANGLER 4X4,SUV - SMALL,3.6,6.0,M6,X,13.7,9.6,4.0,5.0,277.0
JEEP,NEW WRANGLER UNLIMITED 4X4,SUV - SMALL,2.0,4.0,A8,X,10.9,10.0,5.0,5.0,245.0
JEEP,NEW WRANGLER UNLIMITED 4X4,SUV - SMALL,3.6,6.0,A8,X,12.9,10.2,4.0,5.0,275.0
JEEP,NEW WRANGLER UNLIMITED 4X4,SUV - SMALL,3.6,6.0,M6,X,13.8,10.1,3.0,5.0,285.0
JEEP,RENEGADE,SUV - SMALL,1.4,4.0,M6,X,9.9,7.7,5.0,3.0,209.0
JEEP,RENEGADE,SUV - SMALL,2.4,4.0,A9,X,10.8,7.8,5.0,7.0,222.0
JEEP,RENEGADE FFV,SUV - SMALL,2.4,4.0,A9,X,10.8,7.8,5.0,3.0,222.0
JEEP,RENEGADE FFV,SUV - SMALL,2.4,4.0,A9,E,14.4,10.2,6.0,3.0,206.0
JEEP,RENEGADE 4X4,SUV - SMALL,1.4,4.0,M6,X,9.9,7.7,5.0,3.0,211.0
JEEP,RENEGADE 4X4,SUV - SMALL,2.4,4.0,A9,X,11.2,8.2,5.0,7.0,230.0
JEEP,WRANGLER JK 4X4,SUV - SMALL,3.6,6.0,A5,X,14.1,11.1,3.0,3.0,299.0
JEEP,WRANGLER JK 4X4,SUV - SMALL,3.6,6.0,M6,X,14.2,11.0,3.0,3.0,298.0
JEEP,WRANGLER JK UNLIMITED 4X4,SUV - SMALL,3.6,6.0,A5,X,14.7,11.7,3.0,3.0,313.0
JEEP,WRANGLER JK UNLIMITED 4X4,SUV - SMALL,3.6,6.0,M6,X,15.0,11.4,3.0,3.0,312.0
KIA,CADENZA,FULL-SIZE,3.3,6.0,AS8,X,11.5,8.5,5.0,3.0,237.0
KIA,FORTE (MPI),MID-SIZE,2.0,4.0,AS6,X,8.0,6.1,8.0,5.0,168.0
KIA,FORTE (GDI),MID-SIZE,2.0,4.0,AS6,X,9.4,7.0,6.0,3.0,198.0
KIA,FORTE,MID-SIZE,2.0,4.0,M6,X,9.4,6.8,6.0,5.0,195.0
KIA,FORTE 5,FULL-SIZE,1.6,4.0,AM7,X,9.4,7.9,6.0,3.0,207.0
KIA,FORTE 5,FULL-SIZE,2.0,4.0,AS6,X,9.4,7.0,6.0,3.0,197.0
KIA,FORTE 5,FULL-SIZE,2.0,4.0,M6,X,9.8,7.3,6.0,3.0,204.0
KIA,K900,FULL-SIZE,3.8,6.0,AS8,X,13.8,9.3,4.0,3.0,279.0
KIA,K900,FULL-SIZE,5.0,8.0,AS8,Z,15.6,10.6,3.0,3.0,317.0
KIA,NIRO,STATION WAGON - SMALL,1.6,4.0,AM6,X,4.6,5.1,10.0,7.0,114.0
KIA,NIRO FE,STATION WAGON - SMALL,1.6,4.0,AM6,X,4.5,4.8,10.0,7.0,110.0
KIA,NIRO TOURING,STATION WAGON - SMALL,1.6,4.0,AM6,X,5.1,5.8,9.0,7.0,129.0
KIA,OPTIMA,FULL-SIZE,2.0,4.0,AS6,X,10.9,7.6,5.0,3.0,224.0
KIA,OPTIMA,FULL-SIZE,2.4,4.0,AS6,X,9.6,6.8,6.0,5.0,198.0
KIA,OPTIMA FE,FULL-SIZE,2.4,4.0,AS6,X,9.3,6.6,6.0,5.0,190.0
KIA,OPTIMA HYBRID,MID-SIZE,2.0,4.0,AM6,X,6.0,5.1,9.0,3.0,132.0
KIA,RIO,COMPACT,1.6,4.0,AS6,X,8.5,6.4,7.0,3.0,177.0
KIA,RIO,COMPACT,1.6,4.0,M6,X,8.3,6.4,7.0,3.0,175.0
KIA,SEDONA,MINIVAN,3.3,6.0,AS6,X,13.2,9.7,4.0,3.0,275.0
KIA,SEDONA SX,MINIVAN,3.3,6.0,AS6,X,12.9,9.5,4.0,3.0,269.0
KIA,SEDONA SXL,MINIVAN,3.3,6.0,AS6,X,14.1,10.5,3.0,3.0,296.0
KIA,SORENTO,SUV - SMALL,2.4,4.0,AS6,X,11.2,8.3,5.0,5.0,234.0
KIA,SORENTO AWD,SUV - SMALL,2.0,4.0,AS6,X,12.3,9.4,4.0,3.0,259.0
KIA,SORENTO AWD,SUV - SMALL,2.4,4.0,AS6,X,11.5,9.3,4.0,5.0,246.0
KIA,SORENTO AWD,SUV - SMALL,3.3,6.0,AS6,X,14.0,10.1,3.0,3.0,289.0
KIA,SORENTO AWD FE,SUV - SMALL,3.3,6.0,AS6,X,13.2,9.3,4.0,3.0,270.0
KIA,SOUL,STATION WAGON - SMALL,1.6,4.0,AM7,X,9.1,7.7,6.0,3.0,199.0
KIA,SOUL,STATION WAGON - SMALL,1.6,4.0,AS6,X,9.4,7.8,6.0,3.0,205.0
KIA,SOUL,STATION WAGON - SMALL,2.0,4.0,AS6,X,9.5,7.8,6.0,5.0,206.0
KIA,SPORTAGE,SUV - SMALL,2.4,4.0,AS6,X,10.3,7.8,5.0,5.0,218.0
KIA,SPORTAGE AWD,SUV - SMALL,2.0,4.0,AS6,X,11.9,10.2,4.0,3.0,263.0
KIA,SPORTAGE AWD,SUV - SMALL,2.4,4.0,AS6,X,11.3,9.5,4.0,5.0,247.0
KIA,STINGER AWD,MID-SIZE,3.3,6.0,AS8,Z,12.7,9.6,4.0,3.0,265.0
LAMBORGHINI,AVENTADOR COUPE,TWO-SEATER,6.5,12.0,AM7,Z,23.8,14.1,1.0,1.0,454.0
LAMBORGHINI,AVENTADOR ROADSTER,TWO-SEATER,6.5,12.0,AM7,Z,24.2,14.5,1.0,1.0,464.0
LAMBORGHINI,AVENTADOR S COUPE,TWO-SEATER,6.5,12.0,AM7,Z,23.8,14.1,1.0,1.0,454.0
LAMBORGHINI,AVENTADOR S ROADSTER,TWO-SEATER,6.5,12.0,AM7,Z,24.2,14.5,1.0,1.0,464.0
LAMBORGHINI,HURACAN,TWO-SEATER,5.2,10.0,AM7,Z,16.8,11.4,2.0,1.0,336.0
LAMBORGHINI,HURACAN AWD,TWO-SEATER,5.2,10.0,AM7,Z,17.2,12.2,2.0,1.0,349.0
LAMBORGHINI,HURACAN SPYDER,TWO-SEATER,5.2,10.0,AM7,Z,16.7,11.7,2.0,1.0,337.0
LAMBORGHINI,HURACAN SPYDER AWD,TWO-SEATER,5.2,10.0,AM7,Z,17.2,12.3,2.0,1.0,350.0
LAND ROVER,DISCOVERY SPORT,SUV - SMALL,2.0,4.0,AS9,Z,11.4,9.3,5.0,7.0,246.0
LAND ROVER,RANGE ROVER EVOQUE,SUV - SMALL,2.0,4.0,AS9,Z,10.9,8.0,5.0,7.0,225.0
LAND ROVER,RANGE ROVER EVOQUE CONVERTIBLE,SUV - SMALL,2.0,4.0,AS9,Z,11.2,8.2,5.0,7.0,231.0
LAND ROVER,RANGE ROVER VELAR,SUV - SMALL,2.0,4.0,AS8,D,9.2,7.8,5.0,1.0,229.0
LAND ROVER,RANGE ROVER VELAR,SUV - SMALL,3.0,6.0,AS8,Z,13.0,10.0,4.0,7.0,273.0
LEXUS,ES 300h,MID-SIZE,2.5,4.0,AV6,X,5.8,6.1,9.0,7.0,139.0
LEXUS,ES 350,MID-SIZE,3.5,6.0,AS6,X,11.4,7.7,5.0,3.0,226.0
LEXUS,GS 350 AWD,MID-SIZE,3.5,6.0,AS6,Z,12.5,9.2,4.0,5.0,257.0
LEXUS,GS 450h,MID-SIZE,3.5,6.0,AV8,Z,8.0,6.9,7.0,7.0,176.0
LEXUS,GS F,COMPACT,5.0,8.0,AS8,Z,14.9,9.7,3.0,5.0,293.0
LEXUS,GX 460,SUV - STANDARD,4.6,8.0,AS6,Z,16.0,12.9,2.0,3.0,341.0
LEXUS,IS 300,COMPACT,2.0,4.0,AS8,Z,10.6,7.3,5.0,3.0,214.0
LEXUS,IS 300 AWD,COMPACT,3.5,6.0,AS6,Z,12.3,9.1,4.0,5.0,254.0
LEXUS,IS 350 AWD,COMPACT,3.5,6.0,AS6,Z,12.3,9.1,4.0,5.0,254.0
LEXUS,LC 500,SUBCOMPACT,5.0,8.0,AS10,Z,14.7,9.2,3.0,5.0,286.0
LEXUS,LC 500h,SUBCOMPACT,3.5,6.0,AV10,Z,8.9,7.0,6.0,7.0,187.0
LEXUS,LS 500,MID-SIZE,3.4,6.0,AS10,Z,12.2,7.8,5.0,3.0,240.0
LEXUS,LS 500 AWD,MID-SIZE,3.4,6.0,AS10,Z,13.0,8.7,4.0,3.0,259.0
LEXUS,LS 500h,MID-SIZE,3.5,6.0,AV10,Z,9.4,7.1,6.0,7.0,195.0
LEXUS,LS 500h AWD,MID-SIZE,3.5,6.0,AV10,Z,10.3,7.6,5.0,7.0,211.0
LEXUS,LX 570,SUV - STANDARD,5.7,8.0,AS8,Z,18.2,12.8,2.0,3.0,371.0
LEXUS,NX 300 AWD,SUV - SMALL,2.0,4.0,AS6,Z,10.6,8.5,5.0,3.0,226.0
LEXUS,NX 300 AWD F SPORT,SUV - SMALL,2.0,4.0,AS6,Z,10.8,8.9,5.0,3.0,232.0
LEXUS,NX 300h AWD,SUV - SMALL,2.5,4.0,AV6,X,7.2,7.9,7.0,7.0,176.0
LEXUS,RC 300 AWD,SUBCOMPACT,3.5,6.0,AS6,Z,13.1,9.8,4.0,5.0,262.0
LEXUS,RC 350 AWD,SUBCOMPACT,3.5,6.0,AS6,Z,13.1,9.8,4.0,5.0,262.0
LEXUS,RC F,SUBCOMPACT,5.0,8.0,AS8,Z,15.2,9.5,3.0,5.0,289.0
LEXUS,RX 350 AWD,SUV - SMALL,3.5,6.0,AS8,X,12.2,9.0,4.0,5.0,252.0
LEXUS,RX 350 L AWD,SUV - SMALL,3.5,6.0,AS8,X,13.1,9.4,4.0,5.0,268.0
LEXUS,RX 450h AWD,SUV - STANDARD,3.5,6.0,AV6,Z,7.5,8.4,7.0,7.0,185.0
LINCOLN,CONTINENTAL AWD,FULL-SIZE,2.7,6.0,AS6,X,14.0,9.4,4.0,5.0,280.0
LINCOLN,CONTINENTAL AWD,FULL-SIZE,3.0,6.0,AS6,X,14.5,9.8,3.0,5.0,290.0
LINCOLN,CONTINENTAL AWD,FULL-SIZE,3.7,6.0,AS6,X,14.3,9.7,3.0,3.0,287.0
LINCOLN,MKC AWD,SUV - SMALL,2.0,4.0,AS6,X,12.3,9.3,4.0,5.0,256.0
LINCOLN,MKC AWD (Start/Stop),SUV - SMALL,2.0,4.0,AS6,X,12.1,9.3,4.0,5.0,254.0
LINCOLN,MKC AWD,SUV - SMALL,2.3,4.0,AS6,X,13.1,9.4,4.0,3.0,269.0
LINCOLN,MKT AWD,SUV - STANDARD,3.5,6.0,AS6,X,15.7,11.2,3.0,3.0,322.0
LINCOLN,MKT LIVERY AWD,SPECIAL PURPOSE VEHICLE,3.7,6.0,A6,X,14.7,10.2,3.0,3.0,298.0
LINCOLN,MKX AWD,SUV - SMALL,2.7,6.0,AS6,X,14.1,9.8,3.0,5.0,284.0
LINCOLN,MKX AWD,SUV - SMALL,3.7,6.0,AS6,X,14.3,10.3,3.0,3.0,293.0
LINCOLN,MKZ AWD,MID-SIZE,2.0,4.0,AS6,X,11.8,8.4,5.0,5.0,242.0
LINCOLN,MKZ AWD,MID-SIZE,3.0,6.0,AS6,X,14.0,9.2,4.0,5.0,278.0
LINCOLN,MKZ HYBRID,MID-SIZE,2.0,4.0,AV,X,5.7,6.2,9.0,7.0,139.0
LINCOLN,NAVIGATOR 4X4,SUV - STANDARD,3.5,6.0,AS10,X,14.9,11.3,3.0,5.0,310.0
MASERATI,GHIBLI,MID-SIZE,3.0,6.0,AS8,Z,14.1,9.8,3.0,1.0,286.0
MASERATI,GHIBLI S,MID-SIZE,3.0,6.0,AS8,Z,14.5,10.0,3.0,1.0,293.0
MASERATI,GHIBLI SQ4,MID-SIZE,3.0,6.0,AS8,Z,14.7,9.9,3.0,1.0,295.0
MASERATI,GRANTURISMO,SUBCOMPACT,4.7,8.0,AS6,Z,18.2,11.4,2.0,1.0,355.0
MASERATI,GRANTURISMO CONVERTIBLE,SUBCOMPACT,4.7,8.0,AS6,Z,18.2,11.6,2.0,1.0,358.0
MASERATI,LEVANTE,SUV - STANDARD,3.0,6.0,AS8,Z,16.4,11.9,2.0,1.0,340.0
MASERATI,LEVANTE S,SUV - STANDARD,3.0,6.0,AS8,Z,16.6,12.2,2.0,1.0,346.0
MASERATI,QUATTROPORTE GTS,FULL-SIZE,3.8,8.0,AS8,Z,16.1,10.8,3.0,1.0,321.0
MASERATI,QUATTROPORTE S,FULL-SIZE,3.0,6.0,AS8,Z,14.9,10.3,3.0,1.0,300.0
MASERATI,QUATTROPORTE SQ4,FULL-SIZE,3.0,6.0,AS8,Z,15.0,10.3,3.0,1.0,301.0
MAZDA,CX-3,COMPACT,2.0,4.0,AS6,X,8.2,6.9,7.0,3.0,180.0
MAZDA,CX-3,COMPACT,2.0,4.0,M6,X,9.0,7.0,6.0,3.0,189.0
MAZDA,CX-3 4WD,COMPACT,2.0,4.0,AS6,X,8.8,7.5,6.0,3.0,192.0
MAZDA,CX-5 ,SUV - SMALL,2.0,4.0,M6,X,9.7,7.7,6.0,3.0,206.0
MAZDA,CX-5,SUV - SMALL,2.5,4.0,AS6,X,9.7,7.8,6.0,7.0,206.0
MAZDA,CX-5 (Cylinder Deactivation),SUV - SMALL,2.5,4.0,AS6,X,9.3,7.6,6.0,7.0,201.0
MAZDA,CX-5 4WD,SUV - SMALL,2.5,4.0,AS6,X,10.2,8.2,5.0,7.0,217.0
MAZDA,CX-5 4WD (Cylinder Deactivation),SUV - SMALL,2.5,4.0,AS6,X,9.8,7.9,6.0,7.0,208.0
MAZDA,CX-9,SUV - SMALL,2.5,4.0,AS6,X,10.6,8.4,5.0,3.0,225.0
MAZDA,CX-9 4WD,SUV - SMALL,2.5,4.0,AS6,X,11.5,8.9,5.0,3.0,242.0
MAZDA,MAZDA3 4-DOOR,COMPACT,2.0,4.0,AS6,X,8.4,6.4,7.0,7.0,176.0
MAZDA,MAZDA3 4-DOOR,COMPACT,2.0,4.0,M6,X,8.5,6.2,7.0,7.0,175.0
MAZDA,MAZDA3 4-DOOR (SIL),COMPACT,2.0,4.0,M6,X,8.5,6.2,7.0,7.0,175.0
MAZDA,MAZDA3 4-DOOR,COMPACT,2.5,4.0,AS6,X,8.8,6.6,7.0,7.0,182.0
MAZDA,MAZDA3 4-DOOR (i-ELOOP),COMPACT,2.5,4.0,AS6,X,8.5,6.4,7.0,7.0,176.0
MAZDA,MAZDA3 4-DOOR (SIL),COMPACT,2.5,4.0,M6,X,9.3,6.9,6.0,3.0,194.0
MAZDA,MAZDA3 5-DOOR,MID-SIZE,2.0,4.0,AS6,X,8.4,6.4,7.0,7.0,174.0
MAZDA,MAZDA3 5-DOOR (SIL),MID-SIZE,2.0,4.0,M6,X,8.6,6.4,7.0,7.0,178.0
MAZDA,MAZDA3 5-DOOR,MID-SIZE,2.5,4.0,AS6,X,9.0,6.7,7.0,7.0,187.0
MAZDA,MAZDA3 5-DOOR (i-ELOOP),MID-SIZE,2.5,4.0,AS6,X,8.7,6.6,7.0,7.0,181.0
MAZDA,MAZDA3 5-DOOR (SIL),MID-SIZE,2.5,4.0,M6,X,9.6,7.0,6.0,3.0,198.0
MAZDA,MAZDA6,MID-SIZE,2.5,4.0,AS6,X,9.1,6.7,7.0,7.0,187.0
MAZDA,MAZDA6 TURBO,MID-SIZE,2.5,4.0,AS6,X,10.0,7.5,6.0,3.0,208.0
MAZDA,MX-5,TWO-SEATER,2.0,4.0,AS6,Z,9.1,6.8,6.0,3.0,188.0
MAZDA,MX-5 (SIL),TWO-SEATER,2.0,4.0,M6,Z,8.9,7.1,6.0,3.0,189.0
MERCEDES-BENZ,AMG C 43 4MATIC,COMPACT,3.0,6.0,A9,Z,11.8,8.8,5.0,5.0,244.0
MERCEDES-BENZ,AMG C 43 4MATIC CABRIOLET,SUBCOMPACT,3.0,6.0,A9,Z,12.3,9.4,4.0,5.0,256.0
MERCEDES-BENZ,AMG C 43 4MATIC COUPE,SUBCOMPACT,3.0,6.0,A9,Z,11.8,8.8,5.0,5.0,245.0
MERCEDES-BENZ,AMG C 63,COMPACT,4.0,8.0,A7,Z,13.4,9.6,4.0,5.0,274.0
MERCEDES-BENZ,AMG C 63 CABRIOLET,SUBCOMPACT,4.0,8.0,A7,Z,14.0,10.4,3.0,5.0,291.0
MERCEDES-BENZ,AMG C 63 COUPE,SUBCOMPACT,4.0,8.0,A7,Z,13.8,10.1,3.0,5.0,285.0
MERCEDES-BENZ,AMG C 63 S,COMPACT,4.0,8.0,A7,Z,13.4,9.6,4.0,5.0,274.0
MERCEDES-BENZ,AMG C 63 S CABRIOLET,SUBCOMPACT,4.0,8.0,A7,Z,14.0,10.4,3.0,5.0,291.0
MERCEDES-BENZ,AMG C 63 S COUPE,SUBCOMPACT,4.0,8.0,A7,Z,13.8,10.2,3.0,5.0,285.0
MERCEDES-BENZ,AMG CLA 45 4MATIC,COMPACT,2.0,4.0,AM7,Z,10.3,7.9,5.0,3.0,217.0
MERCEDES-BENZ,AMG E 43 4MATIC,MID-SIZE,3.0,6.0,A9,Z,12.4,9.4,4.0,5.0,258.0
MERCEDES-BENZ,AMG E 63 S 4MATIC,MID-SIZE,4.0,8.0,A9,Z,15.5,10.6,3.0,5.0,313.0
MERCEDES-BENZ,AMG E 63 S 4MATIC WAGON,STATION WAGON - MID-SIZE,4.0,8.0,A9,Z,15.2,11.0,3.0,5.0,312.0
MERCEDES-BENZ,AMG G 63,SUV - STANDARD,5.5,8.0,A7,Z,19.9,15.5,1.0,3.0,419.0
MERCEDES-BENZ,AMG G 65,SUV - STANDARD,6.0,12.0,A7,Z,22.2,18.0,1.0,3.0,473.0
MERCEDES-BENZ,AMG GLA 45 4MATIC,STATION WAGON - MID-SIZE,2.0,4.0,AM7,Z,10.7,8.3,5.0,3.0,225.0
MERCEDES-BENZ,AMG GLC 43 4MATIC,SUV - SMALL,3.0,6.0,A9,Z,13.1,10.1,4.0,5.0,277.0
MERCEDES-BENZ,AMG GLC 43 4MATIC COUPE,SUV - SMALL,3.0,6.0,A9,Z,13.0,9.9,4.0,5.0,272.0
MERCEDES-BENZ,AMG GLE 43 4MATIC,SUV - STANDARD,3.0,6.0,A9,Z,13.5,10.3,4.0,3.0,282.0
MERCEDES-BENZ,AMG GLE 43 4MATIC COUPE,SUV - STANDARD,3.0,6.0,A9,Z,13.5,10.6,3.0,3.0,285.0
MERCEDES-BENZ,AMG GLE 63 S 4MATIC,SUV - STANDARD,5.5,8.0,A7,Z,17.2,13.4,2.0,3.0,364.0
MERCEDES-BENZ,AMG GLE 63 S 4MATIC COUPE,SUV - STANDARD,5.5,8.0,A7,Z,17.2,12.8,2.0,3.0,357.0
MERCEDES-BENZ,AMG GLS 63 4MATIC,SUV - STANDARD,5.5,8.0,A7,Z,17.6,13.3,2.0,3.0,367.0
MERCEDES-BENZ,AMG GT COUPE,TWO-SEATER,4.0,8.0,AM7,Z,14.5,10.8,3.0,5.0,302.0
MERCEDES-BENZ,AMG GT ROADSTER,TWO-SEATER,4.0,8.0,AM7,Z,14.7,11.0,3.0,5.0,304.0
MERCEDES-BENZ,AMG GT C COUPE,TWO-SEATER,4.0,8.0,AM7,Z,15.5,11.7,3.0,5.0,322.0
MERCEDES-BENZ,AMG GT C ROADSTER,TWO-SEATER,4.0,8.0,AM7,Z,15.5,11.7,3.0,5.0,322.0
MERCEDES-BENZ,AMG GT R COUPE,TWO-SEATER,4.0,8.0,AM7,Z,15.6,11.9,3.0,5.0,324.0
MERCEDES-BENZ,AMG GT S COUPE,TWO-SEATER,4.0,8.0,AM7,Z,14.5,10.8,3.0,5.0,302.0
MERCEDES-BENZ,AMG S 63 4MATIC,FULL-SIZE,4.0,8.0,A9,Z,14.1,8.9,4.0,5.0,275.0
MERCEDES-BENZ,AMG S 63 4MATIC CABRIOLET,SUBCOMPACT,4.0,8.0,A9,Z,15.8,9.8,3.0,5.0,306.0
MERCEDES-BENZ,AMG S 63 4MATIC COUPE,COMPACT,4.0,8.0,A9,Z,14.0,8.7,4.0,5.0,271.0
MERCEDES-BENZ,AMG S 65,FULL-SIZE,6.0,12.0,A7,Z,18.6,10.9,2.0,3.0,356.0
MERCEDES-BENZ,AMG SL 63,TWO-SEATER,5.5,8.0,A7,Z,14.7,9.5,3.0,1.0,291.0
MERCEDES-BENZ,AMG SL 65,TWO-SEATER,6.0,12.0,A7,Z,17.6,10.8,2.0,3.0,339.0
MERCEDES-BENZ,AMG SLC 43,TWO-SEATER,3.0,6.0,A9,Z,11.6,8.2,5.0,5.0,236.0
MERCEDES-BENZ,B 250,MID-SIZE,2.0,4.0,AM7,Z,9.8,6.8,6.0,5.0,196.0
MERCEDES-BENZ,B 250 4MATIC,MID-SIZE,2.0,4.0,AM7,Z,10.3,7.8,5.0,5.0,215.0
MERCEDES-BENZ,C 300 4MATIC,COMPACT,2.0,4.0,A9,Z,10.5,7.5,5.0,5.0,214.0
MERCEDES-BENZ,C 300 4MATIC CABRIOLET,SUBCOMPACT,2.0,4.0,A9,Z,10.8,8.0,5.0,5.0,224.0
MERCEDES-BENZ,C 300 4MATIC COUPE,SUBCOMPACT,2.0,4.0,A9,Z,10.5,7.8,5.0,5.0,218.0
MERCEDES-BENZ,C 300 4MATIC WAGON,STATION WAGON - MID-SIZE,2.0,4.0,A9,Z,10.7,8.0,5.0,5.0,222.0
MERCEDES-BENZ,CLA 250,COMPACT,2.0,4.0,AM7,Z,9.6,6.6,6.0,5.0,193.0
MERCEDES-BENZ,CLA 250 4MATIC,COMPACT,2.0,4.0,AM7,Z,9.9,7.3,6.0,5.0,204.0
MERCEDES-BENZ,E 300 4MATIC,MID-SIZE,2.0,4.0,A9,Z,11.0,8.1,5.0,5.0,227.0
MERCEDES-BENZ,E 400 4MATIC,MID-SIZE,3.0,6.0,A9,Z,11.8,8.7,4.0,5.0,246.0
MERCEDES-BENZ,E 400 4MATIC CABRIOLET,SUBCOMPACT,3.0,6.0,A9,Z,12.0,9.2,4.0,5.0,251.0
MERCEDES-BENZ,E 400 4MATIC COUPE,SUBCOMPACT,3.0,6.0,A9,Z,11.9,9.0,4.0,5.0,248.0
MERCEDES-BENZ,E 400 4MATIC WAGON,STATION WAGON - MID-SIZE,3.0,6.0,A9,Z,12.4,9.5,4.0,5.0,261.0
MERCEDES-BENZ,G 550,SUV - STANDARD,4.0,8.0,A7,Z,18.2,16.5,1.0,3.0,410.0
MERCEDES-BENZ,GLA 250 4MATIC,SUV - SMALL,2.0,4.0,AM7,Z,10.1,7.6,5.0,5.0,209.0
MERCEDES-BENZ,GLC 300 4MATIC,SUV - SMALL,2.0,4.0,A9,Z,11.1,8.6,5.0,5.0,240.0
MERCEDES-BENZ,GLC 300 4MATIC COUPE,SUV - SMALL,2.0,4.0,A9,Z,11.0,8.7,5.0,5.0,235.0
MERCEDES-BENZ,GLE 400 4MATIC,SUV - STANDARD,3.0,6.0,A9,Z,13.5,10.3,4.0,3.0,282.0
MERCEDES-BENZ,GLE 550 4MATIC,SUV - STANDARD,4.7,8.0,A9,Z,15.2,11.4,3.0,3.0,317.0
MERCEDES-BENZ,GLS 450 4MATIC,SUV - STANDARD,3.0,6.0,A9,Z,14.3,11.4,3.0,3.0,305.0
MERCEDES-BENZ,GLS 550 4MATIC,SUV - STANDARD,4.7,8.0,A9,Z,16.5,12.6,2.0,3.0,346.0
MERCEDES-BENZ,MAYBACH S 650,FULL-SIZE,6.0,12.0,A9,Z,18.4,11.1,2.0,3.0,355.0
MERCEDES-BENZ,METRIS CARGO,SPECIAL PURPOSE VEHICLE,2.0,4.0,A7,Z,11.5,9.8,4.0,5.0,251.0
MERCEDES-BENZ,METRIS PASSENGER,SPECIAL PURPOSE VEHICLE,2.0,4.0,A7,Z,12.3,10.3,4.0,5.0,268.0
MERCEDES-BENZ,S 450 4MATIC SWB,MID-SIZE,3.0,6.0,A9,Z,12.8,8.5,4.0,3.0,255.0
MERCEDES-BENZ,S 560 CABRIOLET,SUBCOMPACT,4.0,8.0,A9,Z,13.9,9.2,4.0,5.0,276.0
MERCEDES-BENZ,S 560 4MATIC,FULL-SIZE,4.0,8.0,A9,Z,13.5,8.6,4.0,5.0,265.0
MERCEDES-BENZ,S 560 4MATIC SWB,MID-SIZE,4.0,8.0,A9,Z,13.1,8.8,4.0,5.0,261.0
MERCEDES-BENZ,S 560 4MATIC COUPE,COMPACT,4.0,8.0,A9,Z,13.6,8.8,4.0,5.0,269.0
MERCEDES-BENZ,SL 450,TWO-SEATER,3.0,6.0,A9,Z,11.5,8.5,5.0,3.0,238.0
MERCEDES-BENZ,SL 550,TWO-SEATER,4.7,8.0,A9,Z,13.5,9.6,4.0,1.0,275.0
MERCEDES-BENZ,SLC 300,TWO-SEATER,2.0,4.0,A9,Z,9.6,7.4,6.0,3.0,202.0
MINI,COOPER 3 DOOR,SUBCOMPACT,1.5,3.0,AS6,Z,8.7,6.8,7.0,7.0,184.0
MINI,COOPER 3 DOOR,SUBCOMPACT,1.5,3.0,M6,Z,8.5,6.2,7.0,7.0,175.0
MINI,COOPER 5 DOOR,SUBCOMPACT,1.5,3.0,AS6,Z,8.7,6.8,7.0,7.0,184.0
MINI,COOPER 5 DOOR,SUBCOMPACT,1.5,3.0,M6,Z,8.4,6.3,7.0,7.0,174.0
MINI,COOPER CLUBMAN ALL4,MID-SIZE,1.5,3.0,AS8,Z,10.2,7.6,5.0,3.0,212.0
MINI,COOPER CLUBMAN ALL4,MID-SIZE,1.5,3.0,M6,Z,10.5,7.4,5.0,3.0,214.0
MINI,COOPER CONVERTIBLE,MINICOMPACT,1.5,3.0,AS6,Z,8.7,6.8,7.0,7.0,184.0
MINI,COOPER CONVERTIBLE,MINICOMPACT,1.5,3.0,M6,Z,8.4,6.3,7.0,7.0,174.0
MINI,COOPER COUNTRYMAN ALL4,STATION WAGON - SMALL,1.5,3.0,AS8,Z,10.3,7.9,5.0,3.0,215.0
MINI,COOPER COUNTRYMAN ALL4,STATION WAGON - SMALL,1.5,3.0,M6,Z,10.5,7.4,5.0,3.0,214.0
MINI,COOPER S 3 DOOR,SUBCOMPACT,2.0,4.0,AS6,Z,9.3,7.3,6.0,7.0,197.0
MINI,COOPER S 3 DOOR,SUBCOMPACT,2.0,4.0,M6,Z,10.3,7.4,5.0,7.0,210.0
MINI,COOPER S 5 DOOR,SUBCOMPACT,2.0,4.0,AS6,Z,9.3,7.3,6.0,7.0,197.0
MINI,COOPER S 5 DOOR,SUBCOMPACT,2.0,4.0,M6,Z,10.3,7.4,5.0,7.0,210.0
MINI,COOPER S CLUBMAN ALL4,MID-SIZE,2.0,4.0,AS8,Z,10.5,7.6,5.0,7.0,215.0
MINI,COOPER S CLUBMAN ALL4,MID-SIZE,2.0,4.0,M6,Z,11.4,7.8,5.0,7.0,227.0
MINI,COOPER S CONVERTIBLE,MINICOMPACT,2.0,4.0,AS6,Z,9.3,7.1,6.0,7.0,195.0
MINI,COOPER S CONVERTIBLE,MINICOMPACT,2.0,4.0,M6,Z,10.3,7.4,5.0,7.0,210.0
MINI,COOPER S COUNTRYMAN ALL4,MID-SIZE,2.0,4.0,AS8,Z,10.5,7.6,5.0,7.0,215.0
MINI,COOPER S COUNTRYMAN ALL4,MID-SIZE,2.0,4.0,M6,Z,11.3,7.7,5.0,7.0,227.0
MINI,JOHN COOPER WORKS,SUBCOMPACT,2.0,4.0,AS6,Z,9.3,7.3,6.0,3.0,197.0
MINI,JOHN COOPER WORKS,SUBCOMPACT,2.0,4.0,M6,Z,10.3,7.4,5.0,3.0,210.0
MINI,JOHN COOPER WORKS CLUBMAN ALL4,MID-SIZE,2.0,4.0,AS8,Z,10.2,7.5,5.0,3.0,211.0
MINI,JOHN COOPER WORKS CLUBMAN ALL4,MID-SIZE,2.0,4.0,M6,Z,11.4,7.6,5.0,3.0,228.0
MINI,JOHN COOPER WORKS CONVERTIBLE,MINICOMPACT,2.0,4.0,AS6,Z,9.8,7.3,6.0,3.0,203.0
MINI,JOHN COOPER WORKS CONVERTIBLE,MINICOMPACT,2.0,4.0,M6,Z,10.8,7.7,5.0,3.0,220.0
MINI,JOHN COOPER WORKS COUNTRYMAN ALL4,MID-SIZE,2.0,4.0,AS8,Z,10.6,7.8,5.0,3.0,220.0
MINI,JOHN COOPER WORKS COUNTRYMAN ALL4,MID-SIZE,2.0,4.0,M6,Z,11.5,8.0,5.0,3.0,232.0
MITSUBISHI,ECLIPSE CROSS,SUV - SMALL,1.5,4.0,AV8,X,9.4,8.4,6.0,5.0,208.0
MITSUBISHI,ECLIPSE CROSS 4WD,SUV - SMALL,1.5,4.0,AV8,X,9.6,8.9,5.0,5.0,216.0
MITSUBISHI,MIRAGE,COMPACT,1.2,3.0,AV,X,6.4,5.5,9.0,5.0,141.0
MITSUBISHI,MIRAGE,COMPACT,1.2,3.0,M5,X,7.1,5.8,8.0,5.0,150.0
MITSUBISHI,MIRAGE G4,COMPACT,1.2,3.0,AV,X,6.9,5.7,8.0,5.0,149.0
MITSUBISHI,MIRAGE G4,COMPACT,1.2,3.0,M5,X,7.2,5.9,8.0,5.0,155.0
MITSUBISHI,OUTLANDER 4WD,SUV - SMALL,2.4,4.0,AV6,X,9.9,8.1,5.0,5.0,212.0
MITSUBISHI,OUTLANDER 4WD,SUV - SMALL,3.0,6.0,AS6,Z,12.0,8.8,4.0,5.0,248.0
MITSUBISHI,RVR,SUV - SMALL,2.0,4.0,AV6,X,9.7,7.8,6.0,5.0,204.0
MITSUBISHI,RVR,SUV - SMALL,2.0,4.0,M5,X,10.3,8.2,5.0,5.0,216.0
MITSUBISHI,RVR 4WD,SUV - SMALL,2.0,4.0,AV6,X,10.1,8.2,5.0,5.0,213.0
MITSUBISHI,RVR 4WD,SUV - SMALL,2.4,4.0,AV6,X,10.3,8.3,5.0,5.0,219.0
NISSAN,370Z,TWO-SEATER,3.7,6.0,AS7,Z,12.6,9.3,4.0,3.0,261.0
NISSAN,370Z,TWO-SEATER,3.7,6.0,M6,Z,13.3,9.3,4.0,3.0,269.0
NISSAN,370Z ROADSTER,TWO-SEATER,3.7,6.0,AS7,Z,13.0,9.7,4.0,3.0,270.0
NISSAN,370Z ROADSTER,TWO-SEATER,3.7,6.0,M6,Z,13.6,9.7,4.0,3.0,278.0
NISSAN,ALTIMA,MID-SIZE,2.5,4.0,AV,X,8.7,6.3,7.0,7.0,179.0
NISSAN,ALTIMA SR,MID-SIZE,2.5,4.0,AV7,X,8.9,6.4,7.0,7.0,185.0
NISSAN,ALTIMA,MID-SIZE,3.5,6.0,AV7,X,10.6,7.3,5.0,3.0,214.0
NISSAN,ARMADA 4WD,SUV - STANDARD,5.6,8.0,AS7,X,17.5,12.8,2.0,3.0,362.0
NISSAN,FRONTIER,PICKUP TRUCK - SMALL,2.5,4.0,A5,X,13.6,10.7,3.0,3.0,290.0
NISSAN,FRONTIER,PICKUP TRUCK - SMALL,2.5,4.0,M5,X,12.2,10.4,4.0,3.0,268.0
NISSAN,FRONTIER,PICKUP TRUCK - SMALL,4.0,6.0,A5,X,14.7,10.4,3.0,3.0,300.0
NISSAN,FRONTIER 4WD,PICKUP TRUCK - SMALL,4.0,6.0,A5,X,15.8,11.5,3.0,3.0,326.0
NISSAN,FRONTIER 4WD,PICKUP TRUCK - SMALL,4.0,6.0,M6,X,15.1,11.5,3.0,3.0,317.0
NISSAN,GT-R,SUBCOMPACT,3.8,6.0,AM6,Z,14.5,10.7,3.0,3.0,300.0
NISSAN,KICKS,MID-SIZE,1.6,4.0,AV,X,7.7,6.6,8.0,7.0,169.0
NISSAN,MAXIMA,MID-SIZE,3.5,6.0,AV7,Z,11.1,7.8,5.0,3.0,227.0
NISSAN,MICRA,COMPACT,1.6,4.0,A4,X,9.0,6.8,6.0,3.0,188.0
NISSAN,MICRA,COMPACT,1.6,4.0,M5,X,8.7,6.8,7.0,3.0,186.0
NISSAN,MURANO,STATION WAGON - MID-SIZE,3.5,6.0,AV7,X,11.0,8.3,5.0,5.0,230.0
NISSAN,MURANO AWD,STATION WAGON - MID-SIZE,3.5,6.0,AV7,X,11.2,8.4,5.0,5.0,232.0
NISSAN,NV200 CARGO VAN,SPECIAL PURPOSE VEHICLE,2.0,4.0,AV,X,9.8,8.8,5.0,3.0,218.0
NISSAN,PATHFINDER,SUV - SMALL,3.5,6.0,AV,X,11.6,8.5,5.0,5.0,240.0
NISSAN,PATHFINDER 4WD,SUV - SMALL,3.5,6.0,AV,X,12.1,8.9,4.0,5.0,250.0
NISSAN,PATHFINDER 4WD PLATINUM,SUV - SMALL,3.5,6.0,AV,X,12.4,9.2,4.0,3.0,259.0
NISSAN,QASHQAI,STATION WAGON - SMALL,2.0,4.0,AV,X,8.8,7.3,6.0,5.0,191.0
NISSAN,QASHQAI,STATION WAGON - SMALL,2.0,4.0,M6,X,10.0,8.1,5.0,5.0,216.0
NISSAN,QASHQAI AWD,STATION WAGON - SMALL,2.0,4.0,AV,X,9.0,7.5,6.0,5.0,196.0
NISSAN,ROGUE,SUV - SMALL,2.5,4.0,AV,X,9.2,7.0,6.0,5.0,192.0
NISSAN,ROGUE AWD,SUV - SMALL,2.5,4.0,AV,X,9.7,7.4,6.0,5.0,205.0
NISSAN,SENTRA,MID-SIZE,1.8,4.0,AV,X,8.1,6.3,7.0,7.0,172.0
NISSAN,SENTRA,MID-SIZE,1.8,4.0,M6,X,8.9,6.8,7.0,1.0,187.0
NISSAN,SENTRA (Turbo),MID-SIZE,1.6,4.0,AV7,Z,8.9,7.3,6.0,3.0,193.0
NISSAN,SENTRA (Turbo),MID-SIZE,1.6,4.0,M6,Z,9.1,7.3,6.0,3.0,195.0
NISSAN,SENTRA NISMO,MID-SIZE,1.6,4.0,AV7,Z,9.4,7.8,6.0,3.0,205.0
NISSAN,SENTRA NISMO,MID-SIZE,1.6,4.0,M6,Z,9.5,7.6,6.0,3.0,204.0
NISSAN,TITAN,PICKUP TRUCK - STANDARD,5.6,8.0,AS7,X,15.0,11.2,3.0,3.0,312.0
NISSAN,TITAN 4WD,PICKUP TRUCK - STANDARD,5.6,8.0,AS7,X,15.2,11.1,3.0,3.0,315.0
NISSAN,TITAN 4WD PRO-4X,PICKUP TRUCK - STANDARD,5.6,8.0,AS7,X,15.9,11.9,3.0,3.0,331.0
NISSAN,VERSA,MID-SIZE,1.6,4.0,AV,X,7.6,6.2,8.0,5.0,164.0
NISSAN,VERSA,MID-SIZE,1.6,4.0,M5,X,8.6,6.6,7.0,5.0,180.0
PORSCHE,911 CARRERA,MINICOMPACT,3.0,6.0,AM7,Z,10.6,8.0,5.0,1.0,221.0
PORSCHE,911 CARRERA,MINICOMPACT,3.0,6.0,M7,Z,11.8,8.1,5.0,1.0,237.0
PORSCHE,911 CARRERA CABRIOLET,MINICOMPACT,3.0,6.0,AM7,Z,10.8,8.3,5.0,1.0,227.0
PORSCHE,911 CARRERA CABRIOLET,MINICOMPACT,3.0,6.0,M7,Z,12.0,8.2,5.0,1.0,241.0
PORSCHE,911 CARRERA GTS,MINICOMPACT,3.0,6.0,AM7,Z,11.5,9.1,5.0,1.0,243.0
PORSCHE,911 CARRERA GTS,MINICOMPACT,3.0,6.0,M7,Z,13.0,8.9,4.0,1.0,260.0
PORSCHE,911 CARRERA GTS CABRIOLET,MINICOMPACT,3.0,6.0,AM7,Z,11.8,9.2,4.0,1.0,249.0
PORSCHE,911 CARRERA GTS CABRIOLET,MINICOMPACT,3.0,6.0,M7,Z,12.7,9.0,4.0,1.0,258.0
PORSCHE,911 CARRERA S,MINICOMPACT,3.0,6.0,AM7,Z,10.8,8.3,5.0,1.0,226.0
PORSCHE,911 CARRERA S,MINICOMPACT,3.0,6.0,M7,Z,12.1,8.3,5.0,1.0,242.0
PORSCHE,911 CARRERA S CABRIOLET,MINICOMPACT,3.0,6.0,AM7,Z,10.8,8.4,5.0,1.0,228.0
PORSCHE,911 CARRERA S CABRIOLET,MINICOMPACT,3.0,6.0,M7,Z,12.1,8.3,5.0,1.0,243.0
PORSCHE,911 CARRERA 4,MINICOMPACT,3.0,6.0,AM7,Z,10.7,8.3,5.0,1.0,225.0
PORSCHE,911 CARRERA 4,MINICOMPACT,3.0,6.0,M7,Z,12.1,8.3,5.0,1.0,242.0
PORSCHE,911 CARRERA 4 CABRIOLET,MINICOMPACT,3.0,6.0,AM7,Z,11.0,8.4,5.0,1.0,230.0
PORSCHE,911 CARRERA 4 CABRIOLET,MINICOMPACT,3.0,6.0,M7,Z,12.2,8.5,5.0,1.0,246.0
PORSCHE,911 CARRERA 4 GTS,MINICOMPACT,3.0,6.0,AM7,Z,11.8,9.2,4.0,1.0,248.0
PORSCHE,911 CARRERA 4 GTS,MINICOMPACT,3.0,6.0,M7,Z,12.8,8.9,4.0,1.0,257.0
PORSCHE,911 CARRERA 4 GTS CABRIOLET,MINICOMPACT,3.0,6.0,AM7,Z,11.9,9.3,4.0,1.0,250.0
PORSCHE,911 CARRERA 4 GTS CABRIOLET,MINICOMPACT,3.0,6.0,M7,Z,12.9,9.1,4.0,1.0,260.0
PORSCHE,911 CARRERA 4S,MINICOMPACT,3.0,6.0,AM7,Z,11.0,8.5,5.0,1.0,232.0
PORSCHE,911 CARRERA 4S,MINICOMPACT,3.0,6.0,M7,Z,12.1,8.4,5.0,1.0,243.0
PORSCHE,911 CARRERA 4S CABRIOLET,MINICOMPACT,3.0,6.0,AM7,Z,10.9,8.5,5.0,1.0,231.0
PORSCHE,911 CARRERA 4S CABRIOLET,MINICOMPACT,3.0,6.0,M7,Z,12.2,8.5,4.0,1.0,246.0
PORSCHE,911 GT3,TWO-SEATER,4.0,6.0,AM7,Z,15.8,11.6,3.0,1.0,324.0
PORSCHE,911 GT3,TWO-SEATER,4.0,6.0,M6,Z,18.0,11.5,2.0,1.0,352.0
PORSCHE,911 TARGA 4,MINICOMPACT,3.0,6.0,AM7,Z,10.9,8.4,5.0,1.0,228.0
PORSCHE,911 TARGA 4,MINICOMPACT,3.0,6.0,M7,Z,12.2,8.5,5.0,1.0,246.0
PORSCHE,911 TARGA 4 GTS,MINICOMPACT,3.0,6.0,AM7,Z,12.1,9.2,4.0,1.0,251.0
PORSCHE,911 TARGA 4 GTS,MINICOMPACT,3.0,6.0,M7,Z,13.2,9.2,4.0,1.0,266.0
PORSCHE,911 TARGA 4S,MINICOMPACT,3.0,6.0,AM7,Z,11.1,8.6,5.0,1.0,233.0
PORSCHE,911 TARGA 4S,MINICOMPACT,3.0,6.0,M7,Z,12.2,8.5,4.0,1.0,246.0
PORSCHE,911 TURBO,MINICOMPACT,3.8,6.0,AM7,Z,12.6,9.9,4.0,1.0,266.0
PORSCHE,911 TURBO CABRIOLET,MINICOMPACT,3.8,6.0,AM7,Z,12.6,9.9,4.0,1.0,267.0
PORSCHE,911 TURBO S,MINICOMPACT,3.8,6.0,AM7,Z,12.6,9.9,4.0,1.0,266.0
PORSCHE,911 TURBO S CABRIOLET,MINICOMPACT,3.8,6.0,AM7,Z,12.6,9.9,4.0,1.0,267.0
PORSCHE,911 TURBO S EXCLUSIVE,MINICOMPACT,3.8,6.0,AM7,Z,13.8,10.3,3.0,1.0,285.0
PORSCHE,BOXSTER,TWO-SEATER,2.0,4.0,AM7,Z,10.5,8.0,5.0,1.0,219.0
PORSCHE,BOXSTER,TWO-SEATER,2.0,4.0,M6,Z,11.0,8.3,5.0,1.0,229.0
PORSCHE,BOXSTER GTS,TWO-SEATER,2.5,4.0,AM7,Z,11.8,9.2,4.0,1.0,249.0
PORSCHE,BOXSTER GTS,TWO-SEATER,2.5,4.0,M6,Z,12.3,9.4,4.0,1.0,257.0
PORSCHE,BOXSTER S,TWO-SEATER,2.5,4.0,AM7,Z,11.0,8.4,5.0,1.0,230.0
PORSCHE,BOXSTER S,TWO-SEATER,2.5,4.0,M6,Z,12.1,9.0,4.0,1.0,249.0
PORSCHE,CAYENNE,SUV - STANDARD,3.6,6.0,A8,Z,12.9,9.7,4.0,1.0,268.0
PORSCHE,CAYENNE GTS,SUV - STANDARD,3.6,6.0,A8,Z,14.5,10.4,3.0,1.0,296.0
PORSCHE,CAYENNE PLATINUM,SUV - STANDARD,3.6,6.0,A8,Z,13.6,10.2,4.0,1.0,281.0
PORSCHE,CAYENNE S,SUV - STANDARD,3.6,6.0,A8,Z,13.9,9.6,4.0,1.0,281.0
PORSCHE,CAYENNE TURBO,SUV - STANDARD,4.8,8.0,A8,Z,16.7,11.2,3.0,1.0,334.0
PORSCHE,CAYENNE TURBO S,SUV - STANDARD,4.8,8.0,A8,Z,16.7,11.2,3.0,1.0,334.0
PORSCHE,CAYMAN,TWO-SEATER,2.0,4.0,AM7,Z,10.5,8.0,5.0,1.0,219.0
PORSCHE,CAYMAN,TWO-SEATER,2.0,4.0,M6,Z,11.0,8.3,5.0,1.0,229.0
PORSCHE,CAYMAN GTS,TWO-SEATER,2.5,4.0,AM7,Z,11.8,9.2,4.0,1.0,249.0
PORSCHE,CAYMAN GTS,TWO-SEATER,2.5,4.0,M6,Z,12.3,9.4,4.0,1.0,257.0
PORSCHE,CAYMAN S,TWO-SEATER,2.5,4.0,AM7,Z,11.0,8.4,5.0,1.0,230.0
PORSCHE,CAYMAN S,TWO-SEATER,2.5,4.0,M6,Z,12.1,9.0,4.0,1.0,249.0
PORSCHE,MACAN,SUV - SMALL,2.0,4.0,A7,Z,11.6,9.3,4.0,1.0,248.0
PORSCHE,MACAN GTS,SUV - SMALL,3.0,6.0,A7,Z,13.8,10.3,3.0,1.0,287.0
PORSCHE,MACAN S,SUV - SMALL,3.0,6.0,A7,Z,13.7,10.3,3.0,1.0,285.0
PORSCHE,MACAN TURBO,SUV - SMALL,3.6,6.0,A7,Z,14.2,10.1,3.0,1.0,287.0
PORSCHE,MACAN TURBO KIT,SUV - SMALL,3.6,6.0,A7,Z,14.1,10.1,3.0,1.0,286.0
PORSCHE,PANAMERA,FULL-SIZE,3.0,6.0,AM8,Z,11.0,8.3,5.0,1.0,229.0
PORSCHE,PANAMERA 4,FULL-SIZE,3.0,6.0,AM8,Z,11.3,8.6,5.0,1.0,235.0
PORSCHE,PANAMERA 4 EXECUTIVE,FULL-SIZE,3.0,6.0,AM8,Z,11.3,8.6,5.0,1.0,235.0
PORSCHE,PANAMERA 4 ST,FULL-SIZE,3.0,6.0,AM8,Z,11.5,9.0,5.0,1.0,242.0
PORSCHE,PANAMERA 4S,FULL-SIZE,2.9,6.0,AM8,Z,11.3,8.5,5.0,1.0,235.0
PORSCHE,PANAMERA 4S EXECUTIVE,FULL-SIZE,2.9,6.0,AM8,Z,11.3,8.5,5.0,1.0,235.0
PORSCHE,PANAMERA 4S ST,FULL-SIZE,2.9,6.0,AM8,Z,12.1,9.0,4.0,1.0,249.0
PORSCHE,PANAMERA TURBO,FULL-SIZE,4.0,8.0,AM8,Z,12.8,9.2,4.0,1.0,261.0
PORSCHE,PANAMERA TURBO EXECUTIVE,FULL-SIZE,4.0,8.0,AM8,Z,12.8,9.2,4.0,1.0,261.0
PORSCHE,PANAMERA TURBO ST,FULL-SIZE,4.0,8.0,AM8,Z,13.4,10.1,4.0,1.0,279.0
RAM,1500 FFV,PICKUP TRUCK - STANDARD,3.6,6.0,A8,X,13.9,9.6,4.0,3.0,280.0
RAM,1500 FFV,PICKUP TRUCK - STANDARD,3.6,6.0,A8,E,19.7,13.8,4.0,3.0,283.0
RAM,1500,PICKUP TRUCK - STANDARD,5.7,8.0,A6,X,17.0,12.0,2.0,3.0,346.0
RAM,1500,PICKUP TRUCK - STANDARD,5.7,8.0,A8,X,15.7,11.0,3.0,3.0,319.0
RAM,1500 ECODIESEL,PICKUP TRUCK - STANDARD,3.0,6.0,A8,D,11.8,8.6,4.0,1.0,278.0
RAM,1500 4X4 FFV,PICKUP TRUCK - STANDARD,3.6,6.0,A8,X,14.5,10.2,3.0,3.0,294.0
RAM,1500 4X4 FFV,PICKUP TRUCK - STANDARD,3.6,6.0,A8,E,20.7,14.7,3.0,3.0,300.0
RAM,1500 4X4,PICKUP TRUCK - STANDARD,5.7,8.0,A6,X,18.7,13.3,1.0,3.0,382.0
RAM,1500 4X4,PICKUP TRUCK - STANDARD,5.7,8.0,A8,X,16.1,11.5,3.0,3.0,328.0
RAM,1500 4X4 ECODIESEL,PICKUP TRUCK - STANDARD,3.0,6.0,A8,D,12.3,8.8,3.0,1.0,289.0
RAM,PROMASTER CITY,SPECIAL PURPOSE VEHICLE,2.4,4.0,A9,X,11.2,8.3,5.0,3.0,232.0
ROLLS-ROYCE,DAWN,COMPACT,6.6,12.0,AS8,Z,20.3,13.0,1.0,3.0,397.0
ROLLS-ROYCE,GHOST,FULL-SIZE,6.6,12.0,AS8,Z,20.3,13.0,1.0,3.0,397.0
ROLLS-ROYCE,GHOST EWB,FULL-SIZE,6.6,12.0,AS8,Z,20.3,13.0,1.0,3.0,397.0
ROLLS-ROYCE,PHANTOM,FULL-SIZE,6.7,12.0,AS8,Z,20.0,12.4,1.0,3.0,387.0
ROLLS-ROYCE,PHANTOM EWB,FULL-SIZE,6.7,12.0,AS8,Z,20.0,12.4,1.0,3.0,387.0
ROLLS-ROYCE,WRAITH,MID-SIZE,6.6,12.0,AS8,Z,19.6,12.9,1.0,3.0,388.0
SUBARU,BRZ,MINICOMPACT,2.0,4.0,AS6,Z,9.7,7.2,6.0,1.0,200.0
SUBARU,BRZ,MINICOMPACT,2.0,4.0,M6,Z,11.2,8.1,5.0,1.0,229.0
SUBARU,BRZ tS,MINICOMPACT,2.0,4.0,M6,Z,11.6,8.6,5.0,1.0,239.0
SUBARU,CROSSTREK AWD,SUV - SMALL,2.0,4.0,AV7,X,8.8,7.2,6.0,6.0,188.0
SUBARU,CROSSTREK AWD,SUV - SMALL,2.0,4.0,M6,X,10.5,8.1,5.0,6.0,220.0
SUBARU,FORESTER AWD,SUV - SMALL,2.0,4.0,AV8,Z,10.2,8.6,5.0,1.0,223.0
SUBARU,FORESTER AWD,SUV - SMALL,2.5,4.0,AV6,X,9.2,7.4,6.0,5.0,196.0
SUBARU,FORESTER AWD,SUV - SMALL,2.5,4.0,M6,X,10.9,8.3,5.0,5.0,228.0
SUBARU,IMPREZA 4-DOOR AWD,MID-SIZE,2.0,4.0,AV7,X,8.3,6.4,7.0,6.0,174.0
SUBARU,IMPREZA 4-DOOR AWD,MID-SIZE,2.0,4.0,M5,X,10.0,7.5,6.0,6.0,208.0
SUBARU,IMPREZA 5-DOOR AWD,STATION WAGON - SMALL,2.0,4.0,AV7,X,8.4,6.5,7.0,6.0,176.0
SUBARU,IMPREZA 5-DOOR AWD,STATION WAGON - SMALL,2.0,4.0,M5,X,10.1,7.7,5.0,6.0,211.0
SUBARU,LEGACY AWD,MID-SIZE,2.5,4.0,AV7,X,9.3,7.0,6.0,5.0,193.0
SUBARU,LEGACY AWD,MID-SIZE,3.6,6.0,AV6,X,11.9,8.3,5.0,3.0,241.0
SUBARU,OUTBACK AWD,SUV - SMALL,2.5,4.0,AV7,X,9.4,7.3,6.0,5.0,198.0
SUBARU,OUTBACK AWD,SUV - SMALL,3.6,6.0,AV6,X,12.0,8.7,4.0,3.0,247.0
SUBARU,WRX AWD,COMPACT,2.0,4.0,AV8,Z,12.6,9.6,4.0,1.0,256.0
SUBARU,WRX AWD,COMPACT,2.0,4.0,M6,Z,11.3,8.5,5.0,1.0,235.0
SUBARU,WRX STI AWD,COMPACT,2.5,4.0,M6,Z,14.1,10.5,3.0,1.0,291.0
SUBARU,WRX STI AWD TYPE RA,COMPACT,2.5,4.0,M6,Z,14.3,10.9,3.0,1.0,296.0
TOYOTA,4RUNNER 4WD,SUV - STANDARD,4.0,6.0,AS5,X,14.3,11.9,3.0,3.0,308.0
TOYOTA,4RUNNER 4WD (Part-Time 4WD),SUV - STANDARD,4.0,6.0,AS5,X,14.3,11.9,3.0,3.0,308.0
TOYOTA,86,MINICOMPACT,2.0,4.0,AS6,Z,9.9,7.3,6.0,1.0,204.0
TOYOTA,86,MINICOMPACT,2.0,4.0,M6,Z,11.3,8.3,5.0,1.0,232.0
TOYOTA,AVALON,MID-SIZE,3.5,6.0,AS6,X,11.4,7.7,5.0,3.0,226.0
TOYOTA,CAMRY,MID-SIZE,2.5,4.0,AS8,X,8.1,5.7,8.0,7.0,164.0
TOYOTA,CAMRY LE/SE,MID-SIZE,2.5,4.0,AS8,X,8.4,6.0,7.0,7.0,172.0
TOYOTA,CAMRY XLE/XSE,MID-SIZE,2.5,4.0,AS8,X,8.5,6.1,7.0,7.0,173.0
TOYOTA,CAMRY,MID-SIZE,3.5,6.0,AS8,X,10.5,7.1,5.0,5.0,210.0
TOYOTA,CAMRY XSE,MID-SIZE,3.5,6.0,AS8,X,10.7,7.4,5.0,5.0,215.0
TOYOTA,CAMRY HYBRID LE,MID-SIZE,2.5,4.0,AV6,X,4.9,4.8,10.0,7.0,113.0
TOYOTA,CAMRY HYBRID XLE/SE,MID-SIZE,2.5,4.0,AV6,X,5.3,5.0,10.0,7.0,121.0
TOYOTA,C-HR,COMPACT,2.0,4.0,AV7,X,8.7,7.5,6.0,3.0,189.0
TOYOTA,COROLLA,MID-SIZE,1.8,4.0,AV,X,8.3,6.5,7.0,3.0,174.0
TOYOTA,COROLLA,MID-SIZE,1.8,4.0,AV7,X,8.3,6.7,7.0,3.0,178.0
TOYOTA,COROLLA,MID-SIZE,1.8,4.0,M6,X,8.5,6.6,7.0,3.0,178.0
TOYOTA,COROLLA LE ECO (1-mode),MID-SIZE,1.8,4.0,AV,X,7.8,5.9,8.0,5.0,163.0
TOYOTA,COROLLA LE ECO (2-mode),MID-SIZE,1.8,4.0,AV,X,8.0,6.3,8.0,5.0,168.0
TOYOTA,COROLLA iM,MID-SIZE,1.8,4.0,AV7,X,8.3,6.5,7.0,5.0,176.0
TOYOTA,COROLLA iM,MID-SIZE,1.8,4.0,M6,X,8.8,6.8,7.0,5.0,185.0
TOYOTA,HIGHLANDER,SUV - SMALL,3.5,6.0,AS8,X,11.8,8.7,5.0,5.0,243.0
TOYOTA,HIGHLANDER AWD,SUV - STANDARD,3.5,6.0,AS8,X,12.1,9.0,4.0,5.0,251.0
TOYOTA,HIGHLANDER AWD (Start/Stop System),SUV - STANDARD,3.5,6.0,AS8,X,12.0,8.9,4.0,5.0,247.0
TOYOTA,HIGHLANDER AWD LE,SUV - STANDARD,3.5,6.0,AS8,X,11.7,8.8,5.0,5.0,242.0
TOYOTA,HIGHLANDER HYBRID AWD,SUV - STANDARD,3.5,6.0,AV6,X,8.1,8.5,6.0,7.0,193.0
TOYOTA,PRIUS,MID-SIZE,1.8,4.0,AV,X,4.3,4.6,10.0,7.0,105.0
TOYOTA,PRIUS c,COMPACT,1.5,4.0,AV,X,4.9,5.5,10.0,7.0,120.0
TOYOTA,PRIUS v,STATION WAGON - MID-SIZE,1.8,4.0,AV,X,5.5,6.0,9.0,7.0,135.0
TOYOTA,RAV4 LE/XLE,SUV - SMALL,2.5,4.0,AS6,X,10.0,7.8,5.0,3.0,210.0
TOYOTA,RAV4 AWD,SUV - SMALL,2.5,4.0,AS6,X,10.5,8.3,5.0,3.0,222.0
TOYOTA,RAV4 LIMITED/SE AWD,SUV - SMALL,2.5,4.0,AS6,X,10.7,8.4,5.0,3.0,226.0
TOYOTA,RAV4 HYBRID AWD,SUV - SMALL,2.5,4.0,AV6,X,6.9,7.8,7.0,7.0,171.0
TOYOTA,SEQUOIA 4WD,SUV - STANDARD,5.7,8.0,AS6,X,18.4,13.8,1.0,5.0,384.0
TOYOTA,SIENNA,MINIVAN,3.5,6.0,AS8,X,12.5,8.9,4.0,5.0,256.0
TOYOTA,SIENNA AWD,MINIVAN,3.5,6.0,AS8,X,13.4,9.6,4.0,5.0,274.0
TOYOTA,TACOMA,PICKUP TRUCK - SMALL,2.7,4.0,AS6,X,12.1,10.1,4.0,5.0,263.0
TOYOTA,TACOMA,PICKUP TRUCK - SMALL,3.5,6.0,AS6,X,12.6,10.0,4.0,5.0,268.0
TOYOTA,TACOMA 4WD,PICKUP TRUCK - SMALL,2.7,4.0,AS6,X,12.7,10.6,4.0,5.0,274.0
TOYOTA,TACOMA 4WD,PICKUP TRUCK - SMALL,3.5,6.0,AS6,X,13.2,10.7,4.0,5.0,283.0
TOYOTA,TACOMA 4WD,PICKUP TRUCK - SMALL,3.5,6.0,M6,X,13.8,11.4,3.0,5.0,299.0
TOYOTA,TACOMA 4WD D-CAB OFF-ROAD,PICKUP TRUCK - SMALL,3.5,6.0,M6,X,13.8,11.7,3.0,5.0,300.0
TOYOTA,TUNDRA,PICKUP TRUCK - STANDARD,5.7,8.0,AS6,X,17.7,13.6,2.0,5.0,371.0
TOYOTA,TUNDRA 4WD,PICKUP TRUCK - STANDARD,4.6,8.0,AS6,X,16.8,13.1,2.0,3.0,354.0
TOYOTA,TUNDRA 4WD,PICKUP TRUCK - STANDARD,5.7,8.0,AS6,X,18.0,14.2,1.0,5.0,383.0
TOYOTA,YARIS,COMPACT,1.5,4.0,AS6,X,7.3,5.8,8.0,3.0,155.0
TOYOTA,YARIS (SIL),COMPACT,1.5,4.0,M6,X,7.8,6.0,8.0,3.0,164.0
TOYOTA,YARIS HATCHBACK,COMPACT,1.5,4.0,A4,X,7.9,6.8,7.0,3.0,173.0
TOYOTA,YARIS HATCHBACK,COMPACT,1.5,4.0,M5,X,7.8,6.5,8.0,3.0,168.0
VOLKSWAGEN,ATLAS,SUV - SMALL,2.0,4.0,AS8,X,10.8,8.9,5.0,3.0,233.0
VOLKSWAGEN,ATLAS 4MOTION,SUV - SMALL,3.6,6.0,AS8,X,13.7,10.1,4.0,5.0,282.0
VOLKSWAGEN,BEETLE,COMPACT,2.0,4.0,AS6,X,9.0,7.2,6.0,7.0,191.0
VOLKSWAGEN,BEETLE CONVERTIBLE,SUBCOMPACT,2.0,4.0,AS6,X,9.0,7.2,6.0,7.0,191.0
VOLKSWAGEN,BEETLE DUNE,COMPACT,2.0,4.0,AS6,X,9.1,6.9,6.0,7.0,189.0
VOLKSWAGEN,BEETLE DUNE CONVERTIBLE,SUBCOMPACT,2.0,4.0,AS6,X,9.1,6.9,6.0,7.0,189.0
VOLKSWAGEN,GOLF,COMPACT,1.8,4.0,AS6,X,9.6,7.2,6.0,7.0,199.0
VOLKSWAGEN,GOLF,COMPACT,1.8,4.0,M5,X,9.3,6.9,6.0,7.0,192.0
VOLKSWAGEN,GOLF GTI,COMPACT,2.0,4.0,AM6,X,9.6,7.3,6.0,7.0,200.0
VOLKSWAGEN,GOLF GTI,COMPACT,2.0,4.0,M6,X,9.6,7.2,6.0,7.0,199.0
VOLKSWAGEN,GOLF R,COMPACT,2.0,4.0,AM7,Z,10.6,8.0,5.0,3.0,220.0
VOLKSWAGEN,GOLF R,COMPACT,2.0,4.0,M6,Z,11.1,8.1,5.0,3.0,227.0
VOLKSWAGEN,GOLF ALLTRACK,STATION WAGON - SMALL,1.8,4.0,AM6,X,10.7,8.0,5.0,7.0,220.0
VOLKSWAGEN,GOLF ALLTRACK,STATION WAGON - SMALL,1.8,4.0,M6,X,11.1,7.8,5.0,7.0,225.0
VOLKSWAGEN,GOLF SPORTWAGEN,STATION WAGON - SMALL,1.8,4.0,AS6,X,9.6,7.2,6.0,7.0,199.0
VOLKSWAGEN,GOLF SPORTWAGEN,STATION WAGON - SMALL,1.8,4.0,M5,X,9.4,6.9,6.0,7.0,192.0
VOLKSWAGEN,GOLF SPORTWAGEN 4MOTION,STATION WAGON - SMALL,1.8,4.0,AM6,X,10.8,8.1,5.0,7.0,224.0
VOLKSWAGEN,GOLF SPORTWAGEN 4MOTION,STATION WAGON - SMALL,1.8,4.0,M6,X,10.8,7.6,5.0,7.0,218.0
VOLKSWAGEN,PASSAT,MID-SIZE,2.0,4.0,AS6,X,9.3,6.5,6.0,7.0,188.0
VOLKSWAGEN,PASSAT,MID-SIZE,3.6,6.0,AM6,X,12.2,8.5,4.0,3.0,246.0
VOLKSWAGEN,TIGUAN,SUV - SMALL,2.0,4.0,AS8,X,10.6,8.7,5.0,7.0,229.0
VOLKSWAGEN,TIGUAN 4MOTION,SUV - SMALL,2.0,4.0,AS8,X,11.3,8.8,5.0,7.0,237.0
VOLVO,S60 T5 AWD,COMPACT,2.0,4.0,AS8,X,11.0,8.1,5.0,3.0,226.0
VOLVO,S60 T6 AWD,COMPACT,2.0,4.0,AS8,Z,10.9,7.7,5.0,3.0,221.0
VOLVO,S60 POLESTAR,COMPACT,2.0,4.0,AS8,Z,11.8,8.5,5.0,1.0,241.0
VOLVO,S60 CC T5 AWD,COMPACT,2.0,4.0,AS8,X,10.8,7.8,5.0,3.0,220.0
VOLVO,S90 T5 AWD,MID-SIZE,2.0,4.0,AS8,Z,10.1,7.4,6.0,5.0,206.0
VOLVO,S90 T6 AWD,MID-SIZE,2.0,4.0,AS8,Z,10.6,7.6,5.0,5.0,216.0
VOLVO,V60 T5 AWD,STATION WAGON - SMALL,2.0,4.0,AS8,X,11.0,8.1,5.0,3.0,226.0
VOLVO,V60 T6 AWD,STATION WAGON - SMALL,2.0,4.0,AS8,Z,10.9,7.7,5.0,3.0,221.0
VOLVO,V60 POLESTAR,STATION WAGON - SMALL,2.0,4.0,AS8,Z,11.8,8.5,5.0,1.0,241.0
VOLVO,V60 CC T5 AWD,STATION WAGON - SMALL,2.0,4.0,AS8,X,10.8,7.8,5.0,3.0,220.0
VOLVO,V90 T6 AWD,STATION WAGON - MID-SIZE,2.0,4.0,AS8,Z,10.6,7.6,5.0,5.0,216.0
VOLVO,V90 CC T5 AWD,STATION WAGON - MID-SIZE,2.0,4.0,AS8,Z,10.4,7.7,5.0,5.0,214.0
VOLVO,V90 CC T6 AWD,STATION WAGON - MID-SIZE,2.0,4.0,AS8,Z,10.9,8.0,5.0,5.0,224.0
VOLVO,XC60 T5 AWD,SUV - SMALL,2.0,4.0,AS8,Z,10.7,8.5,5.0,5.0,228.0
VOLVO,XC60 T6 AWD,SUV - SMALL,2.0,4.0,AS8,Z,11.4,8.7,5.0,5.0,240.0
VOLVO,XC90 T5 AWD,SUV - STANDARD,2.0,4.0,AS8,Z,10.9,8.3,5.0,5.0,227.0
VOLVO,XC90 T6 AWD,SUV - STANDARD,2.0,4.0,AS8,Z,11.5,8.8,5.0,5.0,240.0
